"filename", "language", "PHP", "JavaScript", "CSS", "JSON", "XML", "SCSS", "Markdown", "comment", "blank", "total"
"d:\wamp\www\istakip\Projects\Panel\Config\Auth.php", "PHP", 33, 0, 0, 0, 0, 0, 0, 44, 4, 81
"d:\wamp\www\istakip\Projects\Panel\Config\Cryptography.php", "PHP", 5, 0, 0, 0, 0, 0, 0, 18, 3, 26
"d:\wamp\www\istakip\Projects\Panel\Config\Database.php", "PHP", 41, 0, 0, 0, 0, 0, 0, 54, 5, 100
"d:\wamp\www\istakip\Projects\Panel\Config\Filesystem.php", "PHP", 8, 0, 0, 0, 0, 0, 0, 12, 2, 22
"d:\wamp\www\istakip\Projects\Panel\Config\Masterpage.php", "PHP", 59, 0, 0, 0, 0, 0, 0, 88, 27, 174
"d:\wamp\www\istakip\Projects\Panel\Config\Project.php", "PHP", 31, 0, 0, 0, 0, 0, 0, 115, 24, 170
"d:\wamp\www\istakip\Projects\Panel\Config\Routing.php", "PHP", 14, 0, 0, 0, 0, 0, 0, 48, 12, 74
"d:\wamp\www\istakip\Projects\Panel\Config\Services.php", "PHP", 69, 0, 0, 0, 0, 0, 0, 51, 10, 130
"d:\wamp\www\istakip\Projects\Panel\Config\Starting.php", "PHP", 13, 0, 0, 0, 0, 0, 0, 64, 12, 89
"d:\wamp\www\istakip\Projects\Panel\Config\Storage.php", "PHP", 46, 0, 0, 0, 0, 0, 0, 53, 10, 109
"d:\wamp\www\istakip\Projects\Panel\Config\ViewObjects.php", "PHP", 110, 0, 0, 0, 0, 0, 0, 36, 9, 155
"d:\wamp\www\istakip\Projects\Panel\Controllers\Ajax.php", "PHP", 1852, 0, 0, 0, 0, 0, 0, 2, 524, 2378
"d:\wamp\www\istakip\Projects\Panel\Controllers\Ayarlar.php", "PHP", 358, 0, 0, 0, 0, 0, 0, 34, 234, 626
"d:\wamp\www\istakip\Projects\Panel\Controllers\BolgeselAyarlar.php", "PHP", 401, 0, 0, 0, 0, 0, 0, 5, 277, 683
"d:\wamp\www\istakip\Projects\Panel\Controllers\By.php", "PHP", 112, 0, 0, 0, 0, 0, 0, 11, 64, 187
"d:\wamp\www\istakip\Projects\Panel\Controllers\Cari.php", "PHP", 146, 0, 0, 0, 0, 0, 0, 0, 79, 225
"d:\wamp\www\istakip\Projects\Panel\Controllers\CronJob.php", "PHP", 227, 0, 0, 0, 0, 0, 0, 46, 111, 384
"d:\wamp\www\istakip\Projects\Panel\Controllers\Faturalar.php", "PHP", 558, 0, 0, 0, 0, 0, 0, 78, 285, 921
"d:\wamp\www\istakip\Projects\Panel\Controllers\Firmalar.php", "PHP", 197, 0, 0, 0, 0, 0, 0, 2, 104, 303
"d:\wamp\www\istakip\Projects\Panel\Controllers\Haberler.php", "PHP", 210, 0, 0, 0, 0, 0, 0, 0, 134, 344
"d:\wamp\www\istakip\Projects\Panel\Controllers\Home.php", "PHP", 46, 0, 0, 0, 0, 0, 0, 12, 17, 75
"d:\wamp\www\istakip\Projects\Panel\Controllers\Ilanlar.php", "PHP", 136, 0, 0, 0, 0, 0, 0, 0, 80, 216
"d:\wamp\www\istakip\Projects\Panel\Controllers\Initialize.php", "PHP", 38, 0, 0, 0, 0, 0, 0, 1, 16, 55
"d:\wamp\www\istakip\Projects\Panel\Controllers\Kasa.php", "PHP", 375, 0, 0, 0, 0, 0, 0, 23, 210, 608
"d:\wamp\www\istakip\Projects\Panel\Controllers\Kategoriler.php", "PHP", 112, 0, 0, 0, 0, 0, 0, 2, 65, 179
"d:\wamp\www\istakip\Projects\Panel\Controllers\Login.php", "PHP", 12, 0, 0, 0, 0, 0, 0, 15, 6, 33
"d:\wamp\www\istakip\Projects\Panel\Controllers\Masraf.php", "PHP", 229, 0, 0, 0, 0, 0, 0, 6, 136, 371
"d:\wamp\www\istakip\Projects\Panel\Controllers\Personel.php", "PHP", 196, 0, 0, 0, 0, 0, 0, 0, 116, 312
"d:\wamp\www\istakip\Projects\Panel\Controllers\Planlama.php", "PHP", 113, 0, 0, 0, 0, 0, 0, 3, 70, 186
"d:\wamp\www\istakip\Projects\Panel\Controllers\Projeler.php", "PHP", 339, 0, 0, 0, 0, 0, 0, 6, 198, 543
"d:\wamp\www\istakip\Projects\Panel\Controllers\Rapor.php", "PHP", 111, 0, 0, 0, 0, 0, 0, 12, 70, 193
"d:\wamp\www\istakip\Projects\Panel\Controllers\Sektorler.php", "PHP", 97, 0, 0, 0, 0, 0, 0, 2, 65, 164
"d:\wamp\www\istakip\Projects\Panel\Controllers\Siparisler.php", "PHP", 809, 0, 0, 0, 0, 0, 0, 61, 437, 1307
"d:\wamp\www\istakip\Projects\Panel\Controllers\Tedarikci.php", "PHP", 104, 0, 0, 0, 0, 0, 0, 0, 76, 180
"d:\wamp\www\istakip\Projects\Panel\Controllers\Teklifler.php", "PHP", 238, 0, 0, 0, 0, 0, 0, 65, 128, 431
"d:\wamp\www\istakip\Projects\Panel\Controllers\Urun.php", "PHP", 210, 0, 0, 0, 0, 0, 0, 2, 105, 317
"d:\wamp\www\istakip\Projects\Panel\Models\AyarModel.php", "PHP", 421, 0, 0, 0, 0, 0, 0, 13, 259, 693
"d:\wamp\www\istakip\Projects\Panel\Models\CariModel.php", "PHP", 61, 0, 0, 0, 0, 0, 0, 2, 18, 81
"d:\wamp\www\istakip\Projects\Panel\Models\FaturaModel.php", "PHP", 238, 0, 0, 0, 0, 0, 0, 13, 120, 371
"d:\wamp\www\istakip\Projects\Panel\Models\FirmaModel.php", "PHP", 77, 0, 0, 0, 0, 0, 0, 1, 26, 104
"d:\wamp\www\istakip\Projects\Panel\Models\HaberModel.php", "PHP", 96, 0, 0, 0, 0, 0, 0, 5, 51, 152
"d:\wamp\www\istakip\Projects\Panel\Models\IlanModel.php", "PHP", 50, 0, 0, 0, 0, 0, 0, 1, 11, 62
"d:\wamp\www\istakip\Projects\Panel\Models\KasaModel.php", "PHP", 155, 0, 0, 0, 0, 0, 0, 6, 75, 236
"d:\wamp\www\istakip\Projects\Panel\Models\KategoriModel.php", "PHP", 46, 0, 0, 0, 0, 0, 0, 1, 14, 61
"d:\wamp\www\istakip\Projects\Panel\Models\MasrafModel.php", "PHP", 119, 0, 0, 0, 0, 0, 0, 1, 36, 156
"d:\wamp\www\istakip\Projects\Panel\Models\PersonelModel.php", "PHP", 78, 0, 0, 0, 0, 0, 0, 1, 26, 105
"d:\wamp\www\istakip\Projects\Panel\Models\PlanlamaModel.php", "PHP", 45, 0, 0, 0, 0, 0, 0, 1, 21, 67
"d:\wamp\www\istakip\Projects\Panel\Models\ProjeModel.php", "PHP", 175, 0, 0, 0, 0, 0, 0, 4, 91, 270
"d:\wamp\www\istakip\Projects\Panel\Models\RaporModel.php", "PHP", 48, 0, 0, 0, 0, 0, 0, 17, 48, 113
"d:\wamp\www\istakip\Projects\Panel\Models\SektorModel.php", "PHP", 57, 0, 0, 0, 0, 0, 0, 12, 31, 100
"d:\wamp\www\istakip\Projects\Panel\Models\SiparisModel.php", "PHP", 317, 0, 0, 0, 0, 0, 0, 19, 166, 502
"d:\wamp\www\istakip\Projects\Panel\Models\TedarikciModel.php", "PHP", 42, 0, 0, 0, 0, 0, 0, 2, 18, 62
"d:\wamp\www\istakip\Projects\Panel\Models\TeklifModel.php", "PHP", 91, 0, 0, 0, 0, 0, 0, 1, 53, 145
"d:\wamp\www\istakip\Projects\Panel\Models\UrunModel.php", "PHP", 204, 0, 0, 0, 0, 0, 0, 5, 51, 260
"d:\wamp\www\istakip\Projects\Panel\Resources\Files\CDNLinks.json", "JSON", 0, 0, 0, 1, 0, 0, 0, 0, 0, 1
"d:\wamp\www\istakip\Projects\Panel\Resources\Statics\Projects\Panel\Models\InternalAyarModel.php", "PHP", 12, 0, 0, 0, 0, 0, 0, 0, 2, 14
"d:\wamp\www\istakip\Projects\Panel\Resources\Statics\Projects\Panel\Models\InternalBelgeModel.php", "PHP", 12, 0, 0, 0, 0, 0, 0, 0, 2, 14
"d:\wamp\www\istakip\Projects\Panel\Resources\Statics\Projects\Panel\Models\InternalCariModel.php", "PHP", 12, 0, 0, 0, 0, 0, 0, 0, 2, 14
"d:\wamp\www\istakip\Projects\Panel\Resources\Statics\Projects\Panel\Models\InternalFaturaModel.php", "PHP", 12, 0, 0, 0, 0, 0, 0, 0, 2, 14
"d:\wamp\www\istakip\Projects\Panel\Resources\Statics\Projects\Panel\Models\InternalFirmaModel.php", "PHP", 12, 0, 0, 0, 0, 0, 0, 0, 2, 14
"d:\wamp\www\istakip\Projects\Panel\Resources\Statics\Projects\Panel\Models\InternalHaberModel.php", "PHP", 12, 0, 0, 0, 0, 0, 0, 0, 2, 14
"d:\wamp\www\istakip\Projects\Panel\Resources\Statics\Projects\Panel\Models\InternalIlanModel.php", "PHP", 12, 0, 0, 0, 0, 0, 0, 0, 2, 14
"d:\wamp\www\istakip\Projects\Panel\Resources\Statics\Projects\Panel\Models\InternalKasaModel.php", "PHP", 12, 0, 0, 0, 0, 0, 0, 0, 2, 14
"d:\wamp\www\istakip\Projects\Panel\Resources\Statics\Projects\Panel\Models\InternalKategoriModel.php", "PHP", 12, 0, 0, 0, 0, 0, 0, 0, 2, 14
"d:\wamp\www\istakip\Projects\Panel\Resources\Statics\Projects\Panel\Models\InternalMasrafModel.php", "PHP", 12, 0, 0, 0, 0, 0, 0, 0, 2, 14
"d:\wamp\www\istakip\Projects\Panel\Resources\Statics\Projects\Panel\Models\InternalOsgbModel.php", "PHP", 12, 0, 0, 0, 0, 0, 0, 0, 2, 14
"d:\wamp\www\istakip\Projects\Panel\Resources\Statics\Projects\Panel\Models\InternalPersonelModel.php", "PHP", 12, 0, 0, 0, 0, 0, 0, 0, 2, 14
"d:\wamp\www\istakip\Projects\Panel\Resources\Statics\Projects\Panel\Models\InternalSektorModel.php", "PHP", 12, 0, 0, 0, 0, 0, 0, 0, 2, 14
"d:\wamp\www\istakip\Projects\Panel\Resources\Statics\Projects\Panel\Models\InternalSiparisModel.php", "PHP", 12, 0, 0, 0, 0, 0, 0, 0, 2, 14
"d:\wamp\www\istakip\Projects\Panel\Resources\Statics\Projects\Panel\Models\InternalUrunModel.php", "PHP", 12, 0, 0, 0, 0, 0, 0, 0, 2, 14
"d:\wamp\www\istakip\Projects\Panel\Resources\Statics\Projects\Panel\Models\InternalUyeModel.php", "PHP", 12, 0, 0, 0, 0, 0, 0, 0, 2, 14
"d:\wamp\www\istakip\Projects\Panel\Resources\Statics\Projects\Panel\Models\Visions\By_eticaret\InternalAgirlik_birimVision.php", "PHP", 13, 0, 0, 0, 0, 0, 0, 0, 3, 16
"d:\wamp\www\istakip\Projects\Panel\Resources\Statics\Projects\Panel\Models\Visions\By_eticaret\InternalAgirlik_birim_bilgiVision.php", "PHP", 13, 0, 0, 0, 0, 0, 0, 0, 3, 16
"d:\wamp\www\istakip\Projects\Panel\Resources\Statics\Projects\Panel\Models\Visions\By_eticaret\InternalAyarlarVision.php", "PHP", 13, 0, 0, 0, 0, 0, 0, 0, 3, 16
"d:\wamp\www\istakip\Projects\Panel\Resources\Statics\Projects\Panel\Models\Visions\By_eticaret\InternalAyarlarocVision.php", "PHP", 13, 0, 0, 0, 0, 0, 0, 0, 3, 16
"d:\wamp\www\istakip\Projects\Panel\Resources\Statics\Projects\Panel\Models\Visions\By_eticaret\InternalDillerVision.php", "PHP", 13, 0, 0, 0, 0, 0, 0, 0, 3, 16
"d:\wamp\www\istakip\Projects\Panel\Resources\Statics\Projects\Panel\Models\Visions\By_eticaret\InternalEk_ozellik_bilgiVision.php", "PHP", 13, 0, 0, 0, 0, 0, 0, 0, 3, 16
"d:\wamp\www\istakip\Projects\Panel\Resources\Statics\Projects\Panel\Models\Visions\By_eticaret\InternalEk_ozellik_gurup_bilgiVision.php", "PHP", 13, 0, 0, 0, 0, 0, 0, 0, 3, 16
"d:\wamp\www\istakip\Projects\Panel\Resources\Statics\Projects\Panel\Models\Visions\By_eticaret\InternalEk_ozellik_guruplariVision.php", "PHP", 13, 0, 0, 0, 0, 0, 0, 0, 3, 16
"d:\wamp\www\istakip\Projects\Panel\Resources\Statics\Projects\Panel\Models\Visions\By_eticaret\InternalEk_ozelliklerVision.php", "PHP", 13, 0, 0, 0, 0, 0, 0, 0, 3, 16
"d:\wamp\www\istakip\Projects\Panel\Resources\Statics\Projects\Panel\Models\Visions\By_eticaret\InternalFirma_adresleriVision.php", "PHP", 13, 0, 0, 0, 0, 0, 0, 0, 3, 16
"d:\wamp\www\istakip\Projects\Panel\Resources\Statics\Projects\Panel\Models\Visions\By_eticaret\InternalHediye_ceki_gecmisVision.php", "PHP", 13, 0, 0, 0, 0, 0, 0, 0, 3, 16
"d:\wamp\www\istakip\Projects\Panel\Resources\Statics\Projects\Panel\Models\Visions\By_eticaret\InternalHediye_cekleriVision.php", "PHP", 13, 0, 0, 0, 0, 0, 0, 0, 3, 16
"d:\wamp\www\istakip\Projects\Panel\Resources\Statics\Projects\Panel\Models\Visions\By_eticaret\InternalIade_aksiyonlariVision.php", "PHP", 13, 0, 0, 0, 0, 0, 0, 0, 3, 16
"d:\wamp\www\istakip\Projects\Panel\Resources\Statics\Projects\Panel\Models\Visions\By_eticaret\InternalIade_durumlariVision.php", "PHP", 13, 0, 0, 0, 0, 0, 0, 0, 3, 16
"d:\wamp\www\istakip\Projects\Panel\Resources\Statics\Projects\Panel\Models\Visions\By_eticaret\InternalIade_gecmisiVision.php", "PHP", 13, 0, 0, 0, 0, 0, 0, 0, 3, 16
"d:\wamp\www\istakip\Projects\Panel\Resources\Statics\Projects\Panel\Models\Visions\By_eticaret\InternalIade_nedenleriVision.php", "PHP", 13, 0, 0, 0, 0, 0, 0, 0, 3, 16
"d:\wamp\www\istakip\Projects\Panel\Resources\Statics\Projects\Panel\Models\Visions\By_eticaret\InternalIadelerVision.php", "PHP", 13, 0, 0, 0, 0, 0, 0, 0, 3, 16
"d:\wamp\www\istakip\Projects\Panel\Resources\Statics\Projects\Panel\Models\Visions\By_eticaret\InternalKargo_firmalariVision.php", "PHP", 13, 0, 0, 0, 0, 0, 0, 0, 3, 16
"d:\wamp\www\istakip\Projects\Panel\Resources\Statics\Projects\Panel\Models\Visions\By_eticaret\InternalKategoriVision.php", "PHP", 13, 0, 0, 0, 0, 0, 0, 0, 3, 16
"d:\wamp\www\istakip\Projects\Panel\Resources\Statics\Projects\Panel\Models\Visions\By_eticaret\InternalKategori_bilgiVision.php", "PHP", 13, 0, 0, 0, 0, 0, 0, 0, 3, 16
"d:\wamp\www\istakip\Projects\Panel\Resources\Statics\Projects\Panel\Models\Visions\By_eticaret\InternalKupon_gecmisiVision.php", "PHP", 13, 0, 0, 0, 0, 0, 0, 0, 3, 16
"d:\wamp\www\istakip\Projects\Panel\Resources\Statics\Projects\Panel\Models\Visions\By_eticaret\InternalKupon_kategoriVision.php", "PHP", 13, 0, 0, 0, 0, 0, 0, 0, 3, 16
"d:\wamp\www\istakip\Projects\Panel\Resources\Statics\Projects\Panel\Models\Visions\By_eticaret\InternalKupon_urunleriVision.php", "PHP", 13, 0, 0, 0, 0, 0, 0, 0, 3, 16
"d:\wamp\www\istakip\Projects\Panel\Resources\Statics\Projects\Panel\Models\Visions\By_eticaret\InternalKuponlarVision.php", "PHP", 13, 0, 0, 0, 0, 0, 0, 0, 3, 16
"d:\wamp\www\istakip\Projects\Panel\Resources\Statics\Projects\Panel\Models\Visions\By_eticaret\InternalOc_bannerVision.php", "PHP", 13, 0, 0, 0, 0, 0, 0, 0, 3, 16
"d:\wamp\www\istakip\Projects\Panel\Resources\Statics\Projects\Panel\Models\Visions\By_eticaret\InternalOc_banner_imageVision.php", "PHP", 13, 0, 0, 0, 0, 0, 0, 0, 3, 16
"d:\wamp\www\istakip\Projects\Panel\Resources\Statics\Projects\Panel\Models\Visions\By_eticaret\InternalOc_cartVision.php", "PHP", 13, 0, 0, 0, 0, 0, 0, 0, 3, 16
"d:\wamp\www\istakip\Projects\Panel\Resources\Statics\Projects\Panel\Models\Visions\By_eticaret\InternalOc_category_pathVision.php", "PHP", 13, 0, 0, 0, 0, 0, 0, 0, 3, 16
"d:\wamp\www\istakip\Projects\Panel\Resources\Statics\Projects\Panel\Models\Visions\By_eticaret\InternalOzel_alan_bilgiVision.php", "PHP", 13, 0, 0, 0, 0, 0, 0, 0, 3, 16
"d:\wamp\www\istakip\Projects\Panel\Resources\Statics\Projects\Panel\Models\Visions\By_eticaret\InternalOzel_alan_degerVision.php", "PHP", 13, 0, 0, 0, 0, 0, 0, 0, 3, 16
"d:\wamp\www\istakip\Projects\Panel\Resources\Statics\Projects\Panel\Models\Visions\By_eticaret\InternalOzel_alan_deger_bilgiVision.php", "PHP", 13, 0, 0, 0, 0, 0, 0, 0, 3, 16
"d:\wamp\www\istakip\Projects\Panel\Resources\Statics\Projects\Panel\Models\Visions\By_eticaret\InternalOzel_alanlarVision.php", "PHP", 13, 0, 0, 0, 0, 0, 0, 0, 3, 16
"d:\wamp\www\istakip\Projects\Panel\Resources\Statics\Projects\Panel\Models\Visions\By_eticaret\InternalPara_birimleriVision.php", "PHP", 13, 0, 0, 0, 0, 0, 0, 0, 3, 16
"d:\wamp\www\istakip\Projects\Panel\Resources\Statics\Projects\Panel\Models\Visions\By_eticaret\InternalSayfa_bilgiVision.php", "PHP", 13, 0, 0, 0, 0, 0, 0, 0, 3, 16
"d:\wamp\www\istakip\Projects\Panel\Resources\Statics\Projects\Panel\Models\Visions\By_eticaret\InternalSayfalarVision.php", "PHP", 13, 0, 0, 0, 0, 0, 0, 0, 3, 16
"d:\wamp\www\istakip\Projects\Panel\Resources\Statics\Projects\Panel\Models\Visions\By_eticaret\InternalSehirlerVision.php", "PHP", 13, 0, 0, 0, 0, 0, 0, 0, 3, 16
"d:\wamp\www\istakip\Projects\Panel\Resources\Statics\Projects\Panel\Models\Visions\By_eticaret\InternalSiparis_durumlariVision.php", "PHP", 13, 0, 0, 0, 0, 0, 0, 0, 3, 16
"d:\wamp\www\istakip\Projects\Panel\Resources\Statics\Projects\Panel\Models\Visions\By_eticaret\InternalSiparis_gecmisiVision.php", "PHP", 13, 0, 0, 0, 0, 0, 0, 0, 3, 16
"d:\wamp\www\istakip\Projects\Panel\Resources\Statics\Projects\Panel\Models\Visions\By_eticaret\InternalSiparis_hediye_cekleriVision.php", "PHP", 13, 0, 0, 0, 0, 0, 0, 0, 3, 16
"d:\wamp\www\istakip\Projects\Panel\Resources\Statics\Projects\Panel\Models\Visions\By_eticaret\InternalSiparis_kargolamaVision.php", "PHP", 13, 0, 0, 0, 0, 0, 0, 0, 3, 16
"d:\wamp\www\istakip\Projects\Panel\Resources\Statics\Projects\Panel\Models\Visions\By_eticaret\InternalSiparis_urunleriVision.php", "PHP", 13, 0, 0, 0, 0, 0, 0, 0, 3, 16
"d:\wamp\www\istakip\Projects\Panel\Resources\Statics\Projects\Panel\Models\Visions\By_eticaret\InternalSiparis_varyasyonVision.php", "PHP", 13, 0, 0, 0, 0, 0, 0, 0, 3, 16
"d:\wamp\www\istakip\Projects\Panel\Resources\Statics\Projects\Panel\Models\Visions\By_eticaret\InternalSiparislerVision.php", "PHP", 13, 0, 0, 0, 0, 0, 0, 0, 3, 16
"d:\wamp\www\istakip\Projects\Panel\Resources\Statics\Projects\Panel\Models\Visions\By_eticaret\InternalStok_durumlariVision.php", "PHP", 13, 0, 0, 0, 0, 0, 0, 0, 3, 16
"d:\wamp\www\istakip\Projects\Panel\Resources\Statics\Projects\Panel\Models\Visions\By_eticaret\InternalUlkelerVision.php", "PHP", 13, 0, 0, 0, 0, 0, 0, 0, 3, 16
"d:\wamp\www\istakip\Projects\Panel\Resources\Statics\Projects\Panel\Models\Visions\By_eticaret\InternalUreticilerVision.php", "PHP", 13, 0, 0, 0, 0, 0, 0, 0, 3, 16
"d:\wamp\www\istakip\Projects\Panel\Resources\Statics\Projects\Panel\Models\Visions\By_eticaret\InternalUrun_bilgileriVision.php", "PHP", 13, 0, 0, 0, 0, 0, 0, 0, 3, 16
"d:\wamp\www\istakip\Projects\Panel\Resources\Statics\Projects\Panel\Models\Visions\By_eticaret\InternalUrun_ek_ozellikleriVision.php", "PHP", 13, 0, 0, 0, 0, 0, 0, 0, 3, 16
"d:\wamp\www\istakip\Projects\Panel\Resources\Statics\Projects\Panel\Models\Visions\By_eticaret\InternalUrun_goruntulemeleriVision.php", "PHP", 13, 0, 0, 0, 0, 0, 0, 0, 3, 16
"d:\wamp\www\istakip\Projects\Panel\Resources\Statics\Projects\Panel\Models\Visions\By_eticaret\InternalUrun_ilgili_urunlerVision.php", "PHP", 13, 0, 0, 0, 0, 0, 0, 0, 3, 16
"d:\wamp\www\istakip\Projects\Panel\Resources\Statics\Projects\Panel\Models\Visions\By_eticaret\InternalUrun_indirimleriVision.php", "PHP", 13, 0, 0, 0, 0, 0, 0, 0, 3, 16
"d:\wamp\www\istakip\Projects\Panel\Resources\Statics\Projects\Panel\Models\Visions\By_eticaret\InternalUrun_kampanyalariVision.php", "PHP", 13, 0, 0, 0, 0, 0, 0, 0, 3, 16
"d:\wamp\www\istakip\Projects\Panel\Resources\Statics\Projects\Panel\Models\Visions\By_eticaret\InternalUrun_kategorileriVision.php", "PHP", 13, 0, 0, 0, 0, 0, 0, 0, 3, 16
"d:\wamp\www\istakip\Projects\Panel\Resources\Statics\Projects\Panel\Models\Visions\By_eticaret\InternalUrun_puanlariVision.php", "PHP", 13, 0, 0, 0, 0, 0, 0, 0, 3, 16
"d:\wamp\www\istakip\Projects\Panel\Resources\Statics\Projects\Panel\Models\Visions\By_eticaret\InternalUrun_resimleriVision.php", "PHP", 13, 0, 0, 0, 0, 0, 0, 0, 3, 16
"d:\wamp\www\istakip\Projects\Panel\Resources\Statics\Projects\Panel\Models\Visions\By_eticaret\InternalUrun_varyasyonVision.php", "PHP", 13, 0, 0, 0, 0, 0, 0, 0, 3, 16
"d:\wamp\www\istakip\Projects\Panel\Resources\Statics\Projects\Panel\Models\Visions\By_eticaret\InternalUrun_varyasyon_degerVision.php", "PHP", 13, 0, 0, 0, 0, 0, 0, 0, 3, 16
"d:\wamp\www\istakip\Projects\Panel\Resources\Statics\Projects\Panel\Models\Visions\By_eticaret\InternalUrunlerVision.php", "PHP", 13, 0, 0, 0, 0, 0, 0, 0, 3, 16
"d:\wamp\www\istakip\Projects\Panel\Resources\Statics\Projects\Panel\Models\Visions\By_eticaret\InternalUye_adresleriVision.php", "PHP", 13, 0, 0, 0, 0, 0, 0, 0, 3, 16
"d:\wamp\www\istakip\Projects\Panel\Resources\Statics\Projects\Panel\Models\Visions\By_eticaret\InternalUye_alisveris_listesiVision.php", "PHP", 13, 0, 0, 0, 0, 0, 0, 0, 3, 16
"d:\wamp\www\istakip\Projects\Panel\Resources\Statics\Projects\Panel\Models\Visions\By_eticaret\InternalUye_giris_kayitlariVision.php", "PHP", 13, 0, 0, 0, 0, 0, 0, 0, 3, 16
"d:\wamp\www\istakip\Projects\Panel\Resources\Statics\Projects\Panel\Models\Visions\By_eticaret\InternalUye_gurupVision.php", "PHP", 13, 0, 0, 0, 0, 0, 0, 0, 3, 16
"d:\wamp\www\istakip\Projects\Panel\Resources\Statics\Projects\Panel\Models\Visions\By_eticaret\InternalUye_gurup_bilgiVision.php", "PHP", 13, 0, 0, 0, 0, 0, 0, 0, 3, 16
"d:\wamp\www\istakip\Projects\Panel\Resources\Statics\Projects\Panel\Models\Visions\By_eticaret\InternalUye_ipVision.php", "PHP", 13, 0, 0, 0, 0, 0, 0, 0, 3, 16
"d:\wamp\www\istakip\Projects\Panel\Resources\Statics\Projects\Panel\Models\Visions\By_eticaret\InternalUye_puanlariVision.php", "PHP", 13, 0, 0, 0, 0, 0, 0, 0, 3, 16
"d:\wamp\www\istakip\Projects\Panel\Resources\Statics\Projects\Panel\Models\Visions\By_eticaret\InternalUye_urun_aramalariVision.php", "PHP", 13, 0, 0, 0, 0, 0, 0, 0, 3, 16
"d:\wamp\www\istakip\Projects\Panel\Resources\Statics\Projects\Panel\Models\Visions\By_eticaret\InternalUyelerVision.php", "PHP", 13, 0, 0, 0, 0, 0, 0, 0, 3, 16
"d:\wamp\www\istakip\Projects\Panel\Resources\Statics\Projects\Panel\Models\Visions\By_eticaret\InternalUzunluk_birimVision.php", "PHP", 13, 0, 0, 0, 0, 0, 0, 0, 3, 16
"d:\wamp\www\istakip\Projects\Panel\Resources\Statics\Projects\Panel\Models\Visions\By_eticaret\InternalUzunluk_birim_bilgiVision.php", "PHP", 13, 0, 0, 0, 0, 0, 0, 0, 3, 16
"d:\wamp\www\istakip\Projects\Panel\Resources\Statics\Projects\Panel\Models\Visions\By_eticaret\InternalVaryasyonVision.php", "PHP", 13, 0, 0, 0, 0, 0, 0, 0, 3, 16
"d:\wamp\www\istakip\Projects\Panel\Resources\Statics\Projects\Panel\Models\Visions\By_eticaret\InternalVaryasyon_bilgiVision.php", "PHP", 13, 0, 0, 0, 0, 0, 0, 0, 3, 16
"d:\wamp\www\istakip\Projects\Panel\Resources\Statics\Projects\Panel\Models\Visions\By_eticaret\InternalVaryasyon_degerVision.php", "PHP", 13, 0, 0, 0, 0, 0, 0, 0, 3, 16
"d:\wamp\www\istakip\Projects\Panel\Resources\Statics\Projects\Panel\Models\Visions\By_eticaret\InternalVaryasyon_deger_bilgiVision.php", "PHP", 13, 0, 0, 0, 0, 0, 0, 0, 3, 16
"d:\wamp\www\istakip\Projects\Panel\Resources\Statics\Projects\Panel\Models\Visions\By_eticaret\InternalVergi_dilimleriVision.php", "PHP", 13, 0, 0, 0, 0, 0, 0, 0, 3, 16
"d:\wamp\www\istakip\Projects\Panel\Resources\Statics\Projects\Panel\Models\Visions\By_eticaret\InternalYonetimVision.php", "PHP", 13, 0, 0, 0, 0, 0, 0, 0, 3, 16
"d:\wamp\www\istakip\Projects\Panel\Resources\Themes\Default\assets\css\style-rtl.css", "CSS", 0, 0, 0, 0, 0, 0, 0, 0, 1, 1
"d:\wamp\www\istakip\Projects\Panel\Resources\Themes\Default\assets\css\style.css", "CSS", 0, 0, 0, 0, 0, 0, 0, 0, 1, 1
"d:\wamp\www\istakip\Projects\Panel\Resources\Themes\Default\assets\js\scripts.js", "JavaScript", 0, 3, 0, 0, 0, 0, 0, 5, 3, 11
"d:\wamp\www\istakip\Projects\Panel\Resources\Themes\Default\assets\scss\style-rtl.css", "CSS", 0, 0, 0, 0, 0, 0, 0, 0, 1, 1
"d:\wamp\www\istakip\Projects\Panel\Resources\Themes\Default\assets\scss\style-rtl.scss", "SCSS", 0, 0, 0, 0, 0, 0, 0, 0, 1, 1
"d:\wamp\www\istakip\Projects\Panel\Resources\Themes\Default\assets\scss\style.css", "CSS", 0, 0, 0, 0, 0, 0, 0, 0, 2, 2
"d:\wamp\www\istakip\Projects\Panel\Resources\Themes\Default\assets\scss\style.scss", "SCSS", 0, 0, 0, 0, 0, 0, 0, 0, 1, 1
"d:\wamp\www\istakip\Projects\Panel\Resources\Themes\Default\assets\scss\variables\_variables-components.scss", "SCSS", 0, 0, 0, 0, 0, 0, 0, 4, 2, 6
"d:\wamp\www\istakip\Projects\Panel\Resources\Themes\Default\assets\scss\variables\_variables.scss", "SCSS", 0, 0, 0, 0, 0, 0, 0, 4, 2, 6
"d:\wamp\www\istakip\Projects\Panel\Resources\Themes\Default\css-rtl\bootstrap-extended.css", "CSS", 0, 0, 3038, 0, 0, 0, 0, 10, 689, 3737
"d:\wamp\www\istakip\Projects\Panel\Resources\Themes\Default\css-rtl\bootstrap-extended.min.css", "CSS", 0, 0, 1, 0, 0, 0, 0, 0, 0, 1
"d:\wamp\www\istakip\Projects\Panel\Resources\Themes\Default\css-rtl\bootstrap.css", "CSS", 0, 0, 11946, 0, 0, 0, 0, 6, 1285, 13237
"d:\wamp\www\istakip\Projects\Panel\Resources\Themes\Default\css-rtl\bootstrap.min.css", "CSS", 0, 0, 1, 0, 0, 0, 0, 5, 0, 6
"d:\wamp\www\istakip\Projects\Panel\Resources\Themes\Default\css-rtl\colors.css", "CSS", 0, 0, 1795, 0, 0, 0, 0, 10, 490, 2295
"d:\wamp\www\istakip\Projects\Panel\Resources\Themes\Default\css-rtl\colors.min.css", "CSS", 0, 0, 1, 0, 0, 0, 0, 0, 0, 1
"d:\wamp\www\istakip\Projects\Panel\Resources\Themes\Default\css-rtl\components.css", "CSS", 0, 0, 3366, 0, 0, 0, 0, 8, 640, 4014
"d:\wamp\www\istakip\Projects\Panel\Resources\Themes\Default\css-rtl\components.min.css", "CSS", 0, 0, 1, 0, 0, 0, 0, 0, 0, 1
"d:\wamp\www\istakip\Projects\Panel\Resources\Themes\Default\css-rtl\core\colors\palette-gradient.css", "CSS", 0, 0, 188, 0, 0, 0, 0, 0, 35, 223
"d:\wamp\www\istakip\Projects\Panel\Resources\Themes\Default\css-rtl\core\colors\palette-gradient.min.css", "CSS", 0, 0, 1, 0, 0, 0, 0, 0, 0, 1
"d:\wamp\www\istakip\Projects\Panel\Resources\Themes\Default\css-rtl\core\colors\palette-noui.css", "CSS", 0, 0, 120, 0, 0, 0, 0, 0, 39, 159
"d:\wamp\www\istakip\Projects\Panel\Resources\Themes\Default\css-rtl\core\colors\palette-noui.min.css", "CSS", 0, 0, 1, 0, 0, 0, 0, 0, 0, 1
"d:\wamp\www\istakip\Projects\Panel\Resources\Themes\Default\css-rtl\core\colors\palette-variables.css", "CSS", 0, 0, 0, 0, 0, 0, 0, 0, 1, 1
"d:\wamp\www\istakip\Projects\Panel\Resources\Themes\Default\css-rtl\core\colors\palette-variables.min.css", "CSS", 0, 0, 0, 0, 0, 0, 0, 0, 1, 1
"d:\wamp\www\istakip\Projects\Panel\Resources\Themes\Default\css-rtl\core\menu\menu-types\horizontal-menu.css", "CSS", 0, 0, 596, 0, 0, 0, 0, 0, 91, 687
"d:\wamp\www\istakip\Projects\Panel\Resources\Themes\Default\css-rtl\core\menu\menu-types\horizontal-menu.min.css", "CSS", 0, 0, 1, 0, 0, 0, 0, 0, 0, 1
"d:\wamp\www\istakip\Projects\Panel\Resources\Themes\Default\css-rtl\core\menu\menu-types\vertical-menu.css", "CSS", 0, 0, 309, 0, 0, 0, 0, 0, 55, 364
"d:\wamp\www\istakip\Projects\Panel\Resources\Themes\Default\css-rtl\core\menu\menu-types\vertical-menu.min.css", "CSS", 0, 0, 1, 0, 0, 0, 0, 0, 0, 1
"d:\wamp\www\istakip\Projects\Panel\Resources\Themes\Default\css-rtl\core\menu\menu-types\vertical-overlay-menu.css", "CSS", 0, 0, 66, 0, 0, 0, 0, 0, 9, 75
"d:\wamp\www\istakip\Projects\Panel\Resources\Themes\Default\css-rtl\core\menu\menu-types\vertical-overlay-menu.min.css", "CSS", 0, 0, 1, 0, 0, 0, 0, 0, 0, 1
"d:\wamp\www\istakip\Projects\Panel\Resources\Themes\Default\css-rtl\core\mixins\alert.css", "CSS", 0, 0, 0, 0, 0, 0, 0, 0, 1, 1
"d:\wamp\www\istakip\Projects\Panel\Resources\Themes\Default\css-rtl\core\mixins\alert.min.css", "CSS", 0, 0, 0, 0, 0, 0, 0, 0, 1, 1
"d:\wamp\www\istakip\Projects\Panel\Resources\Themes\Default\css-rtl\core\mixins\hex2rgb.css", "CSS", 0, 0, 0, 0, 0, 0, 0, 0, 1, 1
"d:\wamp\www\istakip\Projects\Panel\Resources\Themes\Default\css-rtl\core\mixins\hex2rgb.min.css", "CSS", 0, 0, 0, 0, 0, 0, 0, 0, 1, 1
"d:\wamp\www\istakip\Projects\Panel\Resources\Themes\Default\css-rtl\core\mixins\main-menu-mixin.css", "CSS", 0, 0, 0, 0, 0, 0, 0, 0, 1, 1
"d:\wamp\www\istakip\Projects\Panel\Resources\Themes\Default\css-rtl\core\mixins\main-menu-mixin.min.css", "CSS", 0, 0, 0, 0, 0, 0, 0, 0, 1, 1
"d:\wamp\www\istakip\Projects\Panel\Resources\Themes\Default\css-rtl\core\mixins\transitions.css", "CSS", 0, 0, 0, 0, 0, 0, 0, 0, 1, 1
"d:\wamp\www\istakip\Projects\Panel\Resources\Themes\Default\css-rtl\core\mixins\transitions.min.css", "CSS", 0, 0, 0, 0, 0, 0, 0, 0, 1, 1
"d:\wamp\www\istakip\Projects\Panel\Resources\Themes\Default\css-rtl\custom-rtl.css", "CSS", 0, 0, 225, 0, 0, 0, 0, 0, 55, 280
"d:\wamp\www\istakip\Projects\Panel\Resources\Themes\Default\css-rtl\custom-rtl.min.css", "CSS", 0, 0, 1, 0, 0, 0, 0, 0, 0, 1
"d:\wamp\www\istakip\Projects\Panel\Resources\Themes\Default\css-rtl\pages\app-calendar.css", "CSS", 0, 0, 316, 0, 0, 0, 0, 0, 75, 391
"d:\wamp\www\istakip\Projects\Panel\Resources\Themes\Default\css-rtl\pages\app-calendar.min.css", "CSS", 0, 0, 1, 0, 0, 0, 0, 0, 0, 1
"d:\wamp\www\istakip\Projects\Panel\Resources\Themes\Default\css-rtl\pages\app-chat-list.css", "CSS", 0, 0, 94, 0, 0, 0, 0, 0, 15, 109
"d:\wamp\www\istakip\Projects\Panel\Resources\Themes\Default\css-rtl\pages\app-chat-list.min.css", "CSS", 0, 0, 1, 0, 0, 0, 0, 0, 0, 1
"d:\wamp\www\istakip\Projects\Panel\Resources\Themes\Default\css-rtl\pages\app-chat.css", "CSS", 0, 0, 318, 0, 0, 0, 0, 0, 44, 362
"d:\wamp\www\istakip\Projects\Panel\Resources\Themes\Default\css-rtl\pages\app-chat.min.css", "CSS", 0, 0, 1, 0, 0, 0, 0, 0, 0, 1
"d:\wamp\www\istakip\Projects\Panel\Resources\Themes\Default\css-rtl\pages\app-ecommerce-details.css", "CSS", 0, 0, 222, 0, 0, 0, 0, 0, 44, 266
"d:\wamp\www\istakip\Projects\Panel\Resources\Themes\Default\css-rtl\pages\app-ecommerce-details.min.css", "CSS", 0, 0, 1, 0, 0, 0, 0, 0, 0, 1
"d:\wamp\www\istakip\Projects\Panel\Resources\Themes\Default\css-rtl\pages\app-ecommerce.css", "CSS", 0, 0, 569, 0, 0, 0, 0, 0, 93, 662
"d:\wamp\www\istakip\Projects\Panel\Resources\Themes\Default\css-rtl\pages\app-ecommerce.min.css", "CSS", 0, 0, 1, 0, 0, 0, 0, 0, 0, 1
"d:\wamp\www\istakip\Projects\Panel\Resources\Themes\Default\css-rtl\pages\app-email.css", "CSS", 0, 0, 20470, 0, 0, 0, 0, 0, 5075, 25545
"d:\wamp\www\istakip\Projects\Panel\Resources\Themes\Default\css-rtl\pages\app-email.min.css", "CSS", 0, 0, 1, 0, 0, 0, 0, 0, 0, 1
"d:\wamp\www\istakip\Projects\Panel\Resources\Themes\Default\css-rtl\pages\app-file-manager.css", "CSS", 0, 0, 364, 0, 0, 0, 0, 0, 64, 428
"d:\wamp\www\istakip\Projects\Panel\Resources\Themes\Default\css-rtl\pages\app-file-manager.min.css", "CSS", 0, 0, 1, 0, 0, 0, 0, 0, 0, 1
"d:\wamp\www\istakip\Projects\Panel\Resources\Themes\Default\css-rtl\pages\app-invoice-list.css", "CSS", 0, 0, 9, 0, 0, 0, 0, 0, 0, 9
"d:\wamp\www\istakip\Projects\Panel\Resources\Themes\Default\css-rtl\pages\app-invoice-list.min.css", "CSS", 0, 0, 1, 0, 0, 0, 0, 0, 0, 1
"d:\wamp\www\istakip\Projects\Panel\Resources\Themes\Default\css-rtl\pages\app-invoice-print.css", "CSS", 0, 0, 73, 0, 0, 0, 0, 0, 10, 83
"d:\wamp\www\istakip\Projects\Panel\Resources\Themes\Default\css-rtl\pages\app-invoice-print.min.css", "CSS", 0, 0, 1, 0, 0, 0, 0, 0, 0, 1
"d:\wamp\www\istakip\Projects\Panel\Resources\Themes\Default\css-rtl\pages\app-invoice.css", "CSS", 0, 0, 138, 0, 0, 0, 0, 0, 27, 165
"d:\wamp\www\istakip\Projects\Panel\Resources\Themes\Default\css-rtl\pages\app-invoice.min.css", "CSS", 0, 0, 1, 0, 0, 0, 0, 0, 0, 1
"d:\wamp\www\istakip\Projects\Panel\Resources\Themes\Default\css-rtl\pages\app-kanban.css", "CSS", 0, 0, 142, 0, 0, 0, 0, 0, 25, 167
"d:\wamp\www\istakip\Projects\Panel\Resources\Themes\Default\css-rtl\pages\app-kanban.min.css", "CSS", 0, 0, 1, 0, 0, 0, 0, 0, 0, 1
"d:\wamp\www\istakip\Projects\Panel\Resources\Themes\Default\css-rtl\pages\app-todo.css", "CSS", 0, 0, 294, 0, 0, 0, 0, 0, 43, 337
"d:\wamp\www\istakip\Projects\Panel\Resources\Themes\Default\css-rtl\pages\app-todo.min.css", "CSS", 0, 0, 1, 0, 0, 0, 0, 0, 0, 1
"d:\wamp\www\istakip\Projects\Panel\Resources\Themes\Default\css-rtl\pages\authentication.css", "CSS", 0, 0, 171, 0, 0, 0, 0, 0, 25, 196
"d:\wamp\www\istakip\Projects\Panel\Resources\Themes\Default\css-rtl\pages\authentication.min.css", "CSS", 0, 0, 1, 0, 0, 0, 0, 0, 0, 1
"d:\wamp\www\istakip\Projects\Panel\Resources\Themes\Default\css-rtl\pages\dashboard-ecommerce.css", "CSS", 0, 0, 31, 0, 0, 0, 0, 0, 8, 39
"d:\wamp\www\istakip\Projects\Panel\Resources\Themes\Default\css-rtl\pages\dashboard-ecommerce.min.css", "CSS", 0, 0, 1, 0, 0, 0, 0, 0, 0, 1
"d:\wamp\www\istakip\Projects\Panel\Resources\Themes\Default\css-rtl\pages\modal-create-app.css", "CSS", 0, 0, 7, 0, 0, 0, 0, 0, 1, 8
"d:\wamp\www\istakip\Projects\Panel\Resources\Themes\Default\css-rtl\pages\modal-create-app.min.css", "CSS", 0, 0, 1, 0, 0, 0, 0, 0, 0, 1
"d:\wamp\www\istakip\Projects\Panel\Resources\Themes\Default\css-rtl\pages\page-blog.css", "CSS", 0, 0, 29, 0, 0, 0, 0, 0, 6, 35
"d:\wamp\www\istakip\Projects\Panel\Resources\Themes\Default\css-rtl\pages\page-blog.min.css", "CSS", 0, 0, 1, 0, 0, 0, 0, 0, 0, 1
"d:\wamp\www\istakip\Projects\Panel\Resources\Themes\Default\css-rtl\pages\page-coming-soon.css", "CSS", 0, 0, 9, 0, 0, 0, 0, 1, 2, 12
"d:\wamp\www\istakip\Projects\Panel\Resources\Themes\Default\css-rtl\pages\page-coming-soon.min.css", "CSS", 0, 0, 1, 0, 0, 0, 0, 0, 0, 1
"d:\wamp\www\istakip\Projects\Panel\Resources\Themes\Default\css-rtl\pages\page-faq.css", "CSS", 0, 0, 29, 0, 0, 0, 0, 0, 5, 34
"d:\wamp\www\istakip\Projects\Panel\Resources\Themes\Default\css-rtl\pages\page-faq.min.css", "CSS", 0, 0, 1, 0, 0, 0, 0, 0, 0, 1
"d:\wamp\www\istakip\Projects\Panel\Resources\Themes\Default\css-rtl\pages\page-knowledge-base.css", "CSS", 0, 0, 39, 0, 0, 0, 0, 0, 7, 46
"d:\wamp\www\istakip\Projects\Panel\Resources\Themes\Default\css-rtl\pages\page-knowledge-base.min.css", "CSS", 0, 0, 1, 0, 0, 0, 0, 0, 0, 1
"d:\wamp\www\istakip\Projects\Panel\Resources\Themes\Default\css-rtl\pages\page-misc.css", "CSS", 0, 0, 45, 0, 0, 0, 0, 0, 4, 49
"d:\wamp\www\istakip\Projects\Panel\Resources\Themes\Default\css-rtl\pages\page-misc.min.css", "CSS", 0, 0, 1, 0, 0, 0, 0, 0, 0, 1
"d:\wamp\www\istakip\Projects\Panel\Resources\Themes\Default\css-rtl\pages\page-pricing.css", "CSS", 0, 0, 73, 0, 0, 0, 0, 0, 12, 85
"d:\wamp\www\istakip\Projects\Panel\Resources\Themes\Default\css-rtl\pages\page-pricing.min.css", "CSS", 0, 0, 1, 0, 0, 0, 0, 0, 0, 1
"d:\wamp\www\istakip\Projects\Panel\Resources\Themes\Default\css-rtl\pages\page-profile.css", "CSS", 0, 0, 78, 0, 0, 0, 0, 2, 17, 97
"d:\wamp\www\istakip\Projects\Panel\Resources\Themes\Default\css-rtl\pages\page-profile.min.css", "CSS", 0, 0, 1, 0, 0, 0, 0, 0, 0, 1
"d:\wamp\www\istakip\Projects\Panel\Resources\Themes\Default\css-rtl\pages\ui-feather.css", "CSS", 0, 0, 39, 0, 0, 0, 0, 0, 9, 48
"d:\wamp\www\istakip\Projects\Panel\Resources\Themes\Default\css-rtl\pages\ui-feather.min.css", "CSS", 0, 0, 1, 0, 0, 0, 0, 0, 0, 1
"d:\wamp\www\istakip\Projects\Panel\Resources\Themes\Default\css-rtl\plugins\charts\chart-apex.css", "CSS", 0, 0, 152, 0, 0, 0, 0, 0, 44, 196
"d:\wamp\www\istakip\Projects\Panel\Resources\Themes\Default\css-rtl\plugins\charts\chart-apex.min.css", "CSS", 0, 0, 1, 0, 0, 0, 0, 0, 0, 1
"d:\wamp\www\istakip\Projects\Panel\Resources\Themes\Default\css-rtl\plugins\extensions\ext-component-context-menu.css", "CSS", 0, 0, 63, 0, 0, 0, 0, 1, 15, 79
"d:\wamp\www\istakip\Projects\Panel\Resources\Themes\Default\css-rtl\plugins\extensions\ext-component-context-menu.min.css", "CSS", 0, 0, 1, 0, 0, 0, 0, 0, 0, 1
"d:\wamp\www\istakip\Projects\Panel\Resources\Themes\Default\css-rtl\plugins\extensions\ext-component-drag-drop.css", "CSS", 0, 0, 39, 0, 0, 0, 0, 0, 8, 47
"d:\wamp\www\istakip\Projects\Panel\Resources\Themes\Default\css-rtl\plugins\extensions\ext-component-drag-drop.min.css", "CSS", 0, 0, 1, 0, 0, 0, 0, 0, 0, 1
"d:\wamp\www\istakip\Projects\Panel\Resources\Themes\Default\css-rtl\plugins\extensions\ext-component-media-player.css", "CSS", 0, 0, 15, 0, 0, 0, 0, 0, 2, 17
"d:\wamp\www\istakip\Projects\Panel\Resources\Themes\Default\css-rtl\plugins\extensions\ext-component-media-player.min.css", "CSS", 0, 0, 1, 0, 0, 0, 0, 0, 0, 1
"d:\wamp\www\istakip\Projects\Panel\Resources\Themes\Default\css-rtl\plugins\extensions\ext-component-ratings.css", "CSS", 0, 0, 18, 0, 0, 0, 0, 0, 5, 23
"d:\wamp\www\istakip\Projects\Panel\Resources\Themes\Default\css-rtl\plugins\extensions\ext-component-ratings.min.css", "CSS", 0, 0, 1, 0, 0, 0, 0, 0, 0, 1
"d:\wamp\www\istakip\Projects\Panel\Resources\Themes\Default\css-rtl\plugins\extensions\ext-component-sliders.css", "CSS", 0, 0, 108, 0, 0, 0, 0, 0, 25, 133
"d:\wamp\www\istakip\Projects\Panel\Resources\Themes\Default\css-rtl\plugins\extensions\ext-component-sliders.min.css", "CSS", 0, 0, 1, 0, 0, 0, 0, 0, 0, 1
"d:\wamp\www\istakip\Projects\Panel\Resources\Themes\Default\css-rtl\plugins\extensions\ext-component-sweet-alerts.css", "CSS", 0, 0, 85, 0, 0, 0, 0, 0, 22, 107
"d:\wamp\www\istakip\Projects\Panel\Resources\Themes\Default\css-rtl\plugins\extensions\ext-component-sweet-alerts.min.css", "CSS", 0, 0, 1, 0, 0, 0, 0, 0, 0, 1
"d:\wamp\www\istakip\Projects\Panel\Resources\Themes\Default\css-rtl\plugins\extensions\ext-component-swiper.css", "CSS", 0, 0, 224, 0, 0, 0, 0, 3, 37, 264
"d:\wamp\www\istakip\Projects\Panel\Resources\Themes\Default\css-rtl\plugins\extensions\ext-component-swiper.min.css", "CSS", 0, 0, 1, 0, 0, 0, 0, 0, 0, 1
"d:\wamp\www\istakip\Projects\Panel\Resources\Themes\Default\css-rtl\plugins\extensions\ext-component-toastr.css", "CSS", 0, 0, 191, 0, 0, 0, 0, 0, 36, 227
"d:\wamp\www\istakip\Projects\Panel\Resources\Themes\Default\css-rtl\plugins\extensions\ext-component-toastr.min.css", "CSS", 0, 0, 1, 0, 0, 0, 0, 0, 0, 1
"d:\wamp\www\istakip\Projects\Panel\Resources\Themes\Default\css-rtl\plugins\extensions\ext-component-tour.css", "CSS", 0, 0, 67, 0, 0, 0, 0, 0, 17, 84
"d:\wamp\www\istakip\Projects\Panel\Resources\Themes\Default\css-rtl\plugins\extensions\ext-component-tour.min.css", "CSS", 0, 0, 1, 0, 0, 0, 0, 0, 0, 1
"d:\wamp\www\istakip\Projects\Panel\Resources\Themes\Default\css-rtl\plugins\extensions\ext-component-tree.css", "CSS", 0, 0, 86, 0, 0, 0, 0, 0, 23, 109
"d:\wamp\www\istakip\Projects\Panel\Resources\Themes\Default\css-rtl\plugins\extensions\ext-component-tree.min.css", "CSS", 0, 0, 1, 0, 0, 0, 0, 0, 0, 1
"d:\wamp\www\istakip\Projects\Panel\Resources\Themes\Default\css-rtl\plugins\forms\form-file-uploader.css", "CSS", 0, 0, 94, 0, 0, 0, 0, 0, 13, 107
"d:\wamp\www\istakip\Projects\Panel\Resources\Themes\Default\css-rtl\plugins\forms\form-file-uploader.min.css", "CSS", 0, 0, 1, 0, 0, 0, 0, 0, 0, 1
"d:\wamp\www\istakip\Projects\Panel\Resources\Themes\Default\css-rtl\plugins\forms\form-number-input.css", "CSS", 0, 0, 95, 0, 0, 0, 0, 2, 20, 117
"d:\wamp\www\istakip\Projects\Panel\Resources\Themes\Default\css-rtl\plugins\forms\form-number-input.min.css", "CSS", 0, 0, 1, 0, 0, 0, 0, 0, 0, 1
"d:\wamp\www\istakip\Projects\Panel\Resources\Themes\Default\css-rtl\plugins\forms\form-quill-editor.css", "CSS", 0, 0, 144, 0, 0, 0, 0, 2, 44, 190
"d:\wamp\www\istakip\Projects\Panel\Resources\Themes\Default\css-rtl\plugins\forms\form-quill-editor.min.css", "CSS", 0, 0, 1, 0, 0, 0, 0, 0, 0, 1
"d:\wamp\www\istakip\Projects\Panel\Resources\Themes\Default\css-rtl\plugins\forms\form-validation.css", "CSS", 0, 0, 19, 0, 0, 0, 0, 0, 5, 24
"d:\wamp\www\istakip\Projects\Panel\Resources\Themes\Default\css-rtl\plugins\forms\form-validation.min.css", "CSS", 0, 0, 1, 0, 0, 0, 0, 0, 0, 1
"d:\wamp\www\istakip\Projects\Panel\Resources\Themes\Default\css-rtl\plugins\forms\form-wizard.css", "CSS", 0, 0, 236, 0, 0, 0, 0, 0, 43, 279
"d:\wamp\www\istakip\Projects\Panel\Resources\Themes\Default\css-rtl\plugins\forms\form-wizard.min.css", "CSS", 0, 0, 1, 0, 0, 0, 0, 0, 0, 1
"d:\wamp\www\istakip\Projects\Panel\Resources\Themes\Default\css-rtl\plugins\forms\pickers\form-flat-pickr.css", "CSS", 0, 0, 128, 0, 0, 0, 0, 0, 36, 164
"d:\wamp\www\istakip\Projects\Panel\Resources\Themes\Default\css-rtl\plugins\forms\pickers\form-flat-pickr.min.css", "CSS", 0, 0, 1, 0, 0, 0, 0, 0, 0, 1
"d:\wamp\www\istakip\Projects\Panel\Resources\Themes\Default\css-rtl\plugins\forms\pickers\form-pickadate.css", "CSS", 0, 0, 104, 0, 0, 0, 0, 0, 28, 132
"d:\wamp\www\istakip\Projects\Panel\Resources\Themes\Default\css-rtl\plugins\forms\pickers\form-pickadate.min.css", "CSS", 0, 0, 1, 0, 0, 0, 0, 0, 0, 1
"d:\wamp\www\istakip\Projects\Panel\Resources\Themes\Default\css-rtl\plugins\maps\map-leaflet.css", "CSS", 0, 0, 20, 0, 0, 0, 0, 0, 4, 24
"d:\wamp\www\istakip\Projects\Panel\Resources\Themes\Default\css-rtl\plugins\maps\map-leaflet.min.css", "CSS", 0, 0, 1, 0, 0, 0, 0, 0, 0, 1
"d:\wamp\www\istakip\Projects\Panel\Resources\Themes\Default\css-rtl\plugins\ui\coming-soon.css", "CSS", 0, 0, 52, 0, 0, 0, 0, 0, 8, 60
"d:\wamp\www\istakip\Projects\Panel\Resources\Themes\Default\css-rtl\plugins\ui\coming-soon.min.css", "CSS", 0, 0, 1, 0, 0, 0, 0, 0, 0, 1
"d:\wamp\www\istakip\Projects\Panel\Resources\Themes\Default\css-rtl\themes\bordered-layout.css", "CSS", 0, 0, 36, 0, 0, 0, 0, 0, 9, 45
"d:\wamp\www\istakip\Projects\Panel\Resources\Themes\Default\css-rtl\themes\bordered-layout.min.css", "CSS", 0, 0, 1, 0, 0, 0, 0, 0, 0, 1
"d:\wamp\www\istakip\Projects\Panel\Resources\Themes\Default\css-rtl\themes\dark-layout.css", "CSS", 0, 0, 1268, 0, 0, 0, 0, 25, 394, 1687
"d:\wamp\www\istakip\Projects\Panel\Resources\Themes\Default\css-rtl\themes\dark-layout.min.css", "CSS", 0, 0, 1, 0, 0, 0, 0, 0, 0, 1
"d:\wamp\www\istakip\Projects\Panel\Resources\Themes\Default\css-rtl\themes\semi-dark-layout.css", "CSS", 0, 0, 58, 0, 0, 0, 0, 1, 18, 77
"d:\wamp\www\istakip\Projects\Panel\Resources\Themes\Default\css-rtl\themes\semi-dark-layout.min.css", "CSS", 0, 0, 1, 0, 0, 0, 0, 0, 0, 1
"d:\wamp\www\istakip\Projects\Panel\Resources\Themes\Default\css\bootstrap-extended.css", "CSS", 0, 0, 2071, 0, 0, 0, 0, 8, 681, 2760
"d:\wamp\www\istakip\Projects\Panel\Resources\Themes\Default\css\bootstrap-extended.min.css", "CSS", 0, 0, 1, 0, 0, 0, 0, 0, 0, 1
"d:\wamp\www\istakip\Projects\Panel\Resources\Themes\Default\css\bootstrap.css", "CSS", 0, 0, 7699, 0, 0, 0, 0, 27, 1274, 9000
"d:\wamp\www\istakip\Projects\Panel\Resources\Themes\Default\css\bootstrap.min.css", "CSS", 0, 0, 1, 0, 0, 0, 0, 5, 0, 6
"d:\wamp\www\istakip\Projects\Panel\Resources\Themes\Default\css\colors.css", "CSS", 0, 0, 1333, 0, 0, 0, 0, 10, 493, 1836
"d:\wamp\www\istakip\Projects\Panel\Resources\Themes\Default\css\colors.min.css", "CSS", 0, 0, 1, 0, 0, 0, 0, 0, 0, 1
"d:\wamp\www\istakip\Projects\Panel\Resources\Themes\Default\css\components.css", "CSS", 0, 0, 2751, 0, 0, 0, 0, 7, 640, 3398
"d:\wamp\www\istakip\Projects\Panel\Resources\Themes\Default\css\components.min.css", "CSS", 0, 0, 1, 0, 0, 0, 0, 0, 0, 1
"d:\wamp\www\istakip\Projects\Panel\Resources\Themes\Default\css\core\colors\palette-gradient.css", "CSS", 0, 0, 151, 0, 0, 0, 0, 0, 36, 187
"d:\wamp\www\istakip\Projects\Panel\Resources\Themes\Default\css\core\colors\palette-gradient.min.css", "CSS", 0, 0, 1, 0, 0, 0, 0, 0, 0, 1
"d:\wamp\www\istakip\Projects\Panel\Resources\Themes\Default\css\core\colors\palette-noui.css", "CSS", 0, 0, 80, 0, 0, 0, 0, 0, 40, 120
"d:\wamp\www\istakip\Projects\Panel\Resources\Themes\Default\css\core\colors\palette-noui.min.css", "CSS", 0, 0, 1, 0, 0, 0, 0, 0, 0, 1
"d:\wamp\www\istakip\Projects\Panel\Resources\Themes\Default\css\core\colors\palette-variables.css", "CSS", 0, 0, 0, 0, 0, 0, 0, 0, 1, 1
"d:\wamp\www\istakip\Projects\Panel\Resources\Themes\Default\css\core\colors\palette-variables.min.css", "CSS", 0, 0, 0, 0, 0, 0, 0, 0, 1, 1
"d:\wamp\www\istakip\Projects\Panel\Resources\Themes\Default\css\core\menu\menu-types\horizontal-menu.css", "CSS", 0, 0, 483, 0, 0, 0, 0, 0, 93, 576
"d:\wamp\www\istakip\Projects\Panel\Resources\Themes\Default\css\core\menu\menu-types\horizontal-menu.min.css", "CSS", 0, 0, 1, 0, 0, 0, 0, 0, 0, 1
"d:\wamp\www\istakip\Projects\Panel\Resources\Themes\Default\css\core\menu\menu-types\vertical-menu.css", "CSS", 0, 0, 205, 0, 0, 0, 0, 0, 54, 259
"d:\wamp\www\istakip\Projects\Panel\Resources\Themes\Default\css\core\menu\menu-types\vertical-menu.min.css", "CSS", 0, 0, 1, 0, 0, 0, 0, 0, 0, 1
"d:\wamp\www\istakip\Projects\Panel\Resources\Themes\Default\css\core\menu\menu-types\vertical-overlay-menu.css", "CSS", 0, 0, 44, 0, 0, 0, 0, 0, 10, 54
"d:\wamp\www\istakip\Projects\Panel\Resources\Themes\Default\css\core\menu\menu-types\vertical-overlay-menu.min.css", "CSS", 0, 0, 1, 0, 0, 0, 0, 0, 0, 1
"d:\wamp\www\istakip\Projects\Panel\Resources\Themes\Default\css\core\mixins\alert.css", "CSS", 0, 0, 0, 0, 0, 0, 0, 0, 1, 1
"d:\wamp\www\istakip\Projects\Panel\Resources\Themes\Default\css\core\mixins\alert.min.css", "CSS", 0, 0, 0, 0, 0, 0, 0, 0, 1, 1
"d:\wamp\www\istakip\Projects\Panel\Resources\Themes\Default\css\core\mixins\hex2rgb.css", "CSS", 0, 0, 0, 0, 0, 0, 0, 0, 1, 1
"d:\wamp\www\istakip\Projects\Panel\Resources\Themes\Default\css\core\mixins\hex2rgb.min.css", "CSS", 0, 0, 0, 0, 0, 0, 0, 0, 1, 1
"d:\wamp\www\istakip\Projects\Panel\Resources\Themes\Default\css\core\mixins\main-menu-mixin.css", "CSS", 0, 0, 0, 0, 0, 0, 0, 0, 1, 1
"d:\wamp\www\istakip\Projects\Panel\Resources\Themes\Default\css\core\mixins\main-menu-mixin.min.css", "CSS", 0, 0, 0, 0, 0, 0, 0, 0, 1, 1
"d:\wamp\www\istakip\Projects\Panel\Resources\Themes\Default\css\core\mixins\transitions.css", "CSS", 0, 0, 0, 0, 0, 0, 0, 0, 1, 1
"d:\wamp\www\istakip\Projects\Panel\Resources\Themes\Default\css\core\mixins\transitions.min.css", "CSS", 0, 0, 0, 0, 0, 0, 0, 0, 1, 1
"d:\wamp\www\istakip\Projects\Panel\Resources\Themes\Default\css\pages\app-calendar.css", "CSS", 0, 0, 241, 0, 0, 0, 0, 0, 76, 317
"d:\wamp\www\istakip\Projects\Panel\Resources\Themes\Default\css\pages\app-calendar.min.css", "CSS", 0, 0, 1, 0, 0, 0, 0, 0, 0, 1
"d:\wamp\www\istakip\Projects\Panel\Resources\Themes\Default\css\pages\app-chat-list.css", "CSS", 0, 0, 66, 0, 0, 0, 0, 0, 16, 82
"d:\wamp\www\istakip\Projects\Panel\Resources\Themes\Default\css\pages\app-chat-list.min.css", "CSS", 0, 0, 1, 0, 0, 0, 0, 0, 0, 1
"d:\wamp\www\istakip\Projects\Panel\Resources\Themes\Default\css\pages\app-chat.css", "CSS", 0, 0, 218, 0, 0, 0, 0, 0, 45, 263
"d:\wamp\www\istakip\Projects\Panel\Resources\Themes\Default\css\pages\app-chat.min.css", "CSS", 0, 0, 1, 0, 0, 0, 0, 0, 0, 1
"d:\wamp\www\istakip\Projects\Panel\Resources\Themes\Default\css\pages\app-ecommerce-details.css", "CSS", 0, 0, 167, 0, 0, 0, 0, 0, 45, 212
"d:\wamp\www\istakip\Projects\Panel\Resources\Themes\Default\css\pages\app-ecommerce-details.min.css", "CSS", 0, 0, 1, 0, 0, 0, 0, 0, 0, 1
"d:\wamp\www\istakip\Projects\Panel\Resources\Themes\Default\css\pages\app-ecommerce.css", "CSS", 0, 0, 328, 0, 0, 0, 0, 0, 86, 414
"d:\wamp\www\istakip\Projects\Panel\Resources\Themes\Default\css\pages\app-ecommerce.min.css", "CSS", 0, 0, 1, 0, 0, 0, 0, 0, 0, 1
"d:\wamp\www\istakip\Projects\Panel\Resources\Themes\Default\css\pages\app-email.css", "CSS", 0, 0, 10310, 0, 0, 0, 0, 0, 5076, 15386
"d:\wamp\www\istakip\Projects\Panel\Resources\Themes\Default\css\pages\app-email.min.css", "CSS", 0, 0, 1, 0, 0, 0, 0, 0, 0, 1
"d:\wamp\www\istakip\Projects\Panel\Resources\Themes\Default\css\pages\app-file-manager.css", "CSS", 0, 0, 229, 0, 0, 0, 0, 0, 65, 294
"d:\wamp\www\istakip\Projects\Panel\Resources\Themes\Default\css\pages\app-file-manager.min.css", "CSS", 0, 0, 1, 0, 0, 0, 0, 0, 0, 1
"d:\wamp\www\istakip\Projects\Panel\Resources\Themes\Default\css\pages\app-invoice-list.css", "CSS", 0, 0, 6, 0, 0, 0, 0, 0, 1, 7
"d:\wamp\www\istakip\Projects\Panel\Resources\Themes\Default\css\pages\app-invoice-list.min.css", "CSS", 0, 0, 1, 0, 0, 0, 0, 0, 0, 1
"d:\wamp\www\istakip\Projects\Panel\Resources\Themes\Default\css\pages\app-invoice-print.css", "CSS", 0, 0, 41, 0, 0, 0, 0, 0, 11, 52
"d:\wamp\www\istakip\Projects\Panel\Resources\Themes\Default\css\pages\app-invoice-print.min.css", "CSS", 0, 0, 1, 0, 0, 0, 0, 0, 0, 1
"d:\wamp\www\istakip\Projects\Panel\Resources\Themes\Default\css\pages\app-invoice.css", "CSS", 0, 0, 136, 0, 0, 0, 0, 0, 28, 164
"d:\wamp\www\istakip\Projects\Panel\Resources\Themes\Default\css\pages\app-invoice.min.css", "CSS", 0, 0, 1, 0, 0, 0, 0, 0, 0, 1
"d:\wamp\www\istakip\Projects\Panel\Resources\Themes\Default\css\pages\app-kanban.css", "CSS", 0, 0, 96, 0, 0, 0, 0, 0, 26, 122
"d:\wamp\www\istakip\Projects\Panel\Resources\Themes\Default\css\pages\app-kanban.min.css", "CSS", 0, 0, 1, 0, 0, 0, 0, 0, 0, 1
"d:\wamp\www\istakip\Projects\Panel\Resources\Themes\Default\css\pages\app-todo.css", "CSS", 0, 0, 181, 0, 0, 0, 0, 0, 44, 225
"d:\wamp\www\istakip\Projects\Panel\Resources\Themes\Default\css\pages\app-todo.min.css", "CSS", 0, 0, 1, 0, 0, 0, 0, 0, 0, 1
"d:\wamp\www\istakip\Projects\Panel\Resources\Themes\Default\css\pages\authentication.css", "CSS", 0, 0, 104, 0, 0, 0, 0, 0, 26, 130
"d:\wamp\www\istakip\Projects\Panel\Resources\Themes\Default\css\pages\authentication.min.css", "CSS", 0, 0, 1, 0, 0, 0, 0, 0, 0, 1
"d:\wamp\www\istakip\Projects\Panel\Resources\Themes\Default\css\pages\dashboard-ecommerce.css", "CSS", 0, 0, 22, 0, 0, 0, 0, 0, 9, 31
"d:\wamp\www\istakip\Projects\Panel\Resources\Themes\Default\css\pages\dashboard-ecommerce.min.css", "CSS", 0, 0, 1, 0, 0, 0, 0, 0, 0, 1
"d:\wamp\www\istakip\Projects\Panel\Resources\Themes\Default\css\pages\modal-create-app.css", "CSS", 0, 0, 5, 0, 0, 0, 0, 0, 2, 7
"d:\wamp\www\istakip\Projects\Panel\Resources\Themes\Default\css\pages\modal-create-app.min.css", "CSS", 0, 0, 1, 0, 0, 0, 0, 0, 0, 1
"d:\wamp\www\istakip\Projects\Panel\Resources\Themes\Default\css\pages\page-blog.css", "CSS", 0, 0, 22, 0, 0, 0, 0, 0, 7, 29
"d:\wamp\www\istakip\Projects\Panel\Resources\Themes\Default\css\pages\page-blog.min.css", "CSS", 0, 0, 1, 0, 0, 0, 0, 0, 0, 1
"d:\wamp\www\istakip\Projects\Panel\Resources\Themes\Default\css\pages\page-coming-soon.css", "CSS", 0, 0, 6, 0, 0, 0, 0, 1, 3, 10
"d:\wamp\www\istakip\Projects\Panel\Resources\Themes\Default\css\pages\page-coming-soon.min.css", "CSS", 0, 0, 1, 0, 0, 0, 0, 0, 0, 1
"d:\wamp\www\istakip\Projects\Panel\Resources\Themes\Default\css\pages\page-faq.css", "CSS", 0, 0, 19, 0, 0, 0, 0, 0, 6, 25
"d:\wamp\www\istakip\Projects\Panel\Resources\Themes\Default\css\pages\page-faq.min.css", "CSS", 0, 0, 1, 0, 0, 0, 0, 0, 0, 1
"d:\wamp\www\istakip\Projects\Panel\Resources\Themes\Default\css\pages\page-knowledge-base.css", "CSS", 0, 0, 22, 0, 0, 0, 0, 0, 8, 30
"d:\wamp\www\istakip\Projects\Panel\Resources\Themes\Default\css\pages\page-knowledge-base.min.css", "CSS", 0, 0, 1, 0, 0, 0, 0, 0, 0, 1
"d:\wamp\www\istakip\Projects\Panel\Resources\Themes\Default\css\pages\page-misc.css", "CSS", 0, 0, 22, 0, 0, 0, 0, 0, 5, 27
"d:\wamp\www\istakip\Projects\Panel\Resources\Themes\Default\css\pages\page-misc.min.css", "CSS", 0, 0, 1, 0, 0, 0, 0, 0, 0, 1
"d:\wamp\www\istakip\Projects\Panel\Resources\Themes\Default\css\pages\page-pricing.css", "CSS", 0, 0, 49, 0, 0, 0, 0, 0, 13, 62
"d:\wamp\www\istakip\Projects\Panel\Resources\Themes\Default\css\pages\page-pricing.min.css", "CSS", 0, 0, 1, 0, 0, 0, 0, 0, 0, 1
"d:\wamp\www\istakip\Projects\Panel\Resources\Themes\Default\css\pages\page-profile.css", "CSS", 0, 0, 56, 0, 0, 0, 0, 1, 18, 75
"d:\wamp\www\istakip\Projects\Panel\Resources\Themes\Default\css\pages\page-profile.min.css", "CSS", 0, 0, 1, 0, 0, 0, 0, 0, 0, 1
"d:\wamp\www\istakip\Projects\Panel\Resources\Themes\Default\css\pages\ui-feather.css", "CSS", 0, 0, 26, 0, 0, 0, 0, 0, 10, 36
"d:\wamp\www\istakip\Projects\Panel\Resources\Themes\Default\css\pages\ui-feather.min.css", "CSS", 0, 0, 1, 0, 0, 0, 0, 0, 0, 1
"d:\wamp\www\istakip\Projects\Panel\Resources\Themes\Default\css\plugins\charts\chart-apex.css", "CSS", 0, 0, 124, 0, 0, 0, 0, 0, 45, 169
"d:\wamp\www\istakip\Projects\Panel\Resources\Themes\Default\css\plugins\charts\chart-apex.min.css", "CSS", 0, 0, 1, 0, 0, 0, 0, 0, 0, 1
"d:\wamp\www\istakip\Projects\Panel\Resources\Themes\Default\css\plugins\extensions\ext-component-context-menu.css", "CSS", 0, 0, 45, 0, 0, 0, 0, 1, 16, 62
"d:\wamp\www\istakip\Projects\Panel\Resources\Themes\Default\css\plugins\extensions\ext-component-context-menu.min.css", "CSS", 0, 0, 1, 0, 0, 0, 0, 0, 0, 1
"d:\wamp\www\istakip\Projects\Panel\Resources\Themes\Default\css\plugins\extensions\ext-component-drag-drop.css", "CSS", 0, 0, 29, 0, 0, 0, 0, 0, 9, 38
"d:\wamp\www\istakip\Projects\Panel\Resources\Themes\Default\css\plugins\extensions\ext-component-drag-drop.min.css", "CSS", 0, 0, 1, 0, 0, 0, 0, 0, 0, 1
"d:\wamp\www\istakip\Projects\Panel\Resources\Themes\Default\css\plugins\extensions\ext-component-media-player.css", "CSS", 0, 0, 6, 0, 0, 0, 0, 0, 3, 9
"d:\wamp\www\istakip\Projects\Panel\Resources\Themes\Default\css\plugins\extensions\ext-component-media-player.min.css", "CSS", 0, 0, 1, 0, 0, 0, 0, 0, 0, 1
"d:\wamp\www\istakip\Projects\Panel\Resources\Themes\Default\css\plugins\extensions\ext-component-ratings.css", "CSS", 0, 0, 18, 0, 0, 0, 0, 0, 6, 24
"d:\wamp\www\istakip\Projects\Panel\Resources\Themes\Default\css\plugins\extensions\ext-component-ratings.min.css", "CSS", 0, 0, 1, 0, 0, 0, 0, 0, 0, 1
"d:\wamp\www\istakip\Projects\Panel\Resources\Themes\Default\css\plugins\extensions\ext-component-sliders.css", "CSS", 0, 0, 82, 0, 0, 0, 0, 0, 26, 108
"d:\wamp\www\istakip\Projects\Panel\Resources\Themes\Default\css\plugins\extensions\ext-component-sliders.min.css", "CSS", 0, 0, 1, 0, 0, 0, 0, 0, 0, 1
"d:\wamp\www\istakip\Projects\Panel\Resources\Themes\Default\css\plugins\extensions\ext-component-sweet-alerts.css", "CSS", 0, 0, 68, 0, 0, 0, 0, 0, 23, 91
"d:\wamp\www\istakip\Projects\Panel\Resources\Themes\Default\css\plugins\extensions\ext-component-sweet-alerts.min.css", "CSS", 0, 0, 1, 0, 0, 0, 0, 0, 0, 1
"d:\wamp\www\istakip\Projects\Panel\Resources\Themes\Default\css\plugins\extensions\ext-component-swiper.css", "CSS", 0, 0, 177, 0, 0, 0, 0, 3, 38, 218
"d:\wamp\www\istakip\Projects\Panel\Resources\Themes\Default\css\plugins\extensions\ext-component-swiper.min.css", "CSS", 0, 0, 1, 0, 0, 0, 0, 0, 0, 1
"d:\wamp\www\istakip\Projects\Panel\Resources\Themes\Default\css\plugins\extensions\ext-component-toastr.css", "CSS", 0, 0, 149, 0, 0, 0, 0, 0, 37, 186
"d:\wamp\www\istakip\Projects\Panel\Resources\Themes\Default\css\plugins\extensions\ext-component-toastr.min.css", "CSS", 0, 0, 1, 0, 0, 0, 0, 0, 0, 1
"d:\wamp\www\istakip\Projects\Panel\Resources\Themes\Default\css\plugins\extensions\ext-component-tour.css", "CSS", 0, 0, 45, 0, 0, 0, 0, 0, 18, 63
"d:\wamp\www\istakip\Projects\Panel\Resources\Themes\Default\css\plugins\extensions\ext-component-tour.min.css", "CSS", 0, 0, 1, 0, 0, 0, 0, 0, 0, 1
"d:\wamp\www\istakip\Projects\Panel\Resources\Themes\Default\css\plugins\extensions\ext-component-tree.css", "CSS", 0, 0, 93, 0, 0, 0, 0, 0, 24, 117
"d:\wamp\www\istakip\Projects\Panel\Resources\Themes\Default\css\plugins\extensions\ext-component-tree.min.css", "CSS", 0, 0, 1, 0, 0, 0, 0, 0, 0, 1
"d:\wamp\www\istakip\Projects\Panel\Resources\Themes\Default\css\plugins\forms\form-file-uploader.css", "CSS", 0, 0, 70, 0, 0, 0, 0, 0, 14, 84
"d:\wamp\www\istakip\Projects\Panel\Resources\Themes\Default\css\plugins\forms\form-file-uploader.min.css", "CSS", 0, 0, 1, 0, 0, 0, 0, 0, 0, 1
"d:\wamp\www\istakip\Projects\Panel\Resources\Themes\Default\css\plugins\forms\form-number-input.css", "CSS", 0, 0, 86, 0, 0, 0, 0, 2, 21, 109
"d:\wamp\www\istakip\Projects\Panel\Resources\Themes\Default\css\plugins\forms\form-number-input.min.css", "CSS", 0, 0, 1, 0, 0, 0, 0, 0, 0, 1
"d:\wamp\www\istakip\Projects\Panel\Resources\Themes\Default\css\plugins\forms\form-quill-editor.css", "CSS", 0, 0, 120, 0, 0, 0, 0, 2, 45, 167
"d:\wamp\www\istakip\Projects\Panel\Resources\Themes\Default\css\plugins\forms\form-quill-editor.min.css", "CSS", 0, 0, 1, 0, 0, 0, 0, 0, 0, 1
"d:\wamp\www\istakip\Projects\Panel\Resources\Themes\Default\css\plugins\forms\form-validation.css", "CSS", 0, 0, 20, 0, 0, 0, 0, 0, 6, 26
"d:\wamp\www\istakip\Projects\Panel\Resources\Themes\Default\css\plugins\forms\form-validation.min.css", "CSS", 0, 0, 1, 0, 0, 0, 0, 0, 0, 1
"d:\wamp\www\istakip\Projects\Panel\Resources\Themes\Default\css\plugins\forms\form-wizard.css", "CSS", 0, 0, 155, 0, 0, 0, 0, 0, 44, 199
"d:\wamp\www\istakip\Projects\Panel\Resources\Themes\Default\css\plugins\forms\form-wizard.min.css", "CSS", 0, 0, 1, 0, 0, 0, 0, 0, 0, 1
"d:\wamp\www\istakip\Projects\Panel\Resources\Themes\Default\css\plugins\forms\pickers\form-flat-pickr.css", "CSS", 0, 0, 109, 0, 0, 0, 0, 0, 37, 146
"d:\wamp\www\istakip\Projects\Panel\Resources\Themes\Default\css\plugins\forms\pickers\form-flat-pickr.min.css", "CSS", 0, 0, 1, 0, 0, 0, 0, 0, 0, 1
"d:\wamp\www\istakip\Projects\Panel\Resources\Themes\Default\css\plugins\forms\pickers\form-pickadate.css", "CSS", 0, 0, 90, 0, 0, 0, 0, 0, 29, 119
"d:\wamp\www\istakip\Projects\Panel\Resources\Themes\Default\css\plugins\forms\pickers\form-pickadate.min.css", "CSS", 0, 0, 1, 0, 0, 0, 0, 0, 0, 1
"d:\wamp\www\istakip\Projects\Panel\Resources\Themes\Default\css\plugins\maps\map-leaflet.css", "CSS", 0, 0, 17, 0, 0, 0, 0, 0, 5, 22
"d:\wamp\www\istakip\Projects\Panel\Resources\Themes\Default\css\plugins\maps\map-leaflet.min.css", "CSS", 0, 0, 1, 0, 0, 0, 0, 0, 0, 1
"d:\wamp\www\istakip\Projects\Panel\Resources\Themes\Default\css\plugins\ui\coming-soon.css", "CSS", 0, 0, 33, 0, 0, 0, 0, 0, 9, 42
"d:\wamp\www\istakip\Projects\Panel\Resources\Themes\Default\css\plugins\ui\coming-soon.min.css", "CSS", 0, 0, 1, 0, 0, 0, 0, 0, 0, 1
"d:\wamp\www\istakip\Projects\Panel\Resources\Themes\Default\css\themes\bordered-layout.css", "CSS", 0, 0, 29, 0, 0, 0, 0, 0, 10, 39
"d:\wamp\www\istakip\Projects\Panel\Resources\Themes\Default\css\themes\bordered-layout.min.css", "CSS", 0, 0, 1, 0, 0, 0, 0, 0, 0, 1
"d:\wamp\www\istakip\Projects\Panel\Resources\Themes\Default\css\themes\dark-layout.css", "CSS", 0, 0, 1001, 0, 0, 0, 0, 24, 377, 1402
"d:\wamp\www\istakip\Projects\Panel\Resources\Themes\Default\css\themes\dark-layout.min.css", "CSS", 0, 0, 1, 0, 0, 0, 0, 0, 0, 1
"d:\wamp\www\istakip\Projects\Panel\Resources\Themes\Default\css\themes\semi-dark-layout.css", "CSS", 0, 0, 41, 0, 0, 0, 0, 0, 19, 60
"d:\wamp\www\istakip\Projects\Panel\Resources\Themes\Default\css\themes\semi-dark-layout.min.css", "CSS", 0, 0, 1, 0, 0, 0, 0, 0, 0, 1
"d:\wamp\www\istakip\Projects\Panel\Resources\Themes\Default\data\ajax.php", "PHP", 463, 0, 0, 0, 0, 0, 0, 0, 0, 463
"d:\wamp\www\istakip\Projects\Panel\Resources\Themes\Default\data\fullcalendar\json\events.json", "JSON", 0, 0, 0, 56, 0, 0, 0, 0, 1, 57
"d:\wamp\www\istakip\Projects\Panel\Resources\Themes\Default\data\fullcalendar\php\get-events.php", "PHP", 21, 0, 0, 0, 0, 0, 0, 19, 10, 50
"d:\wamp\www\istakip\Projects\Panel\Resources\Themes\Default\data\fullcalendar\php\get-timezones.php", "PHP", 2, 0, 0, 0, 0, 0, 0, 5, 2, 9
"d:\wamp\www\istakip\Projects\Panel\Resources\Themes\Default\data\fullcalendar\php\utils.php", "PHP", 68, 0, 0, 0, 0, 0, 0, 31, 32, 131
"d:\wamp\www\istakip\Projects\Panel\Resources\Themes\Default\data\invoice-list.json", "JSON", 0, 0, 0, 654, 0, 0, 0, 0, 1, 655
"d:\wamp\www\istakip\Projects\Panel\Resources\Themes\Default\data\jstree-data.json", "JSON", 0, 0, 0, 36, 0, 0, 0, 0, 1, 37
"d:\wamp\www\istakip\Projects\Panel\Resources\Themes\Default\data\kanban.json", "JSON", 0, 0, 0, 105, 0, 0, 0, 0, 1, 106
"d:\wamp\www\istakip\Projects\Panel\Resources\Themes\Default\data\locales\de.json", "JSON", 0, 0, 0, 173, 0, 0, 0, 0, 2, 175
"d:\wamp\www\istakip\Projects\Panel\Resources\Themes\Default\data\locales\en.json", "JSON", 0, 0, 0, 173, 0, 0, 0, 0, 1, 174
"d:\wamp\www\istakip\Projects\Panel\Resources\Themes\Default\data\locales\fr.json", "JSON", 0, 0, 0, 173, 0, 0, 0, 0, 2, 175
"d:\wamp\www\istakip\Projects\Panel\Resources\Themes\Default\data\locales\pt.json", "JSON", 0, 0, 0, 173, 0, 0, 0, 0, 2, 175
"d:\wamp\www\istakip\Projects\Panel\Resources\Themes\Default\data\permissions-list.json", "JSON", 0, 0, 0, 85, 0, 0, 0, 0, 1, 86
"d:\wamp\www\istakip\Projects\Panel\Resources\Themes\Default\data\projects-list.json", "JSON", 0, 0, 0, 92, 0, 0, 0, 0, 1, 93
"d:\wamp\www\istakip\Projects\Panel\Resources\Themes\Default\data\search.json", "JSON", 0, 0, 0, 143, 0, 0, 0, 0, 1, 144
"d:\wamp\www\istakip\Projects\Panel\Resources\Themes\Default\data\table-datatable.json", "JSON", 0, 0, 0, 1404, 0, 0, 0, 0, 1, 1405
"d:\wamp\www\istakip\Projects\Panel\Resources\Themes\Default\data\user-list.json", "JSON", 0, 0, 0, 554, 0, 0, 0, 0, 1, 555
"d:\wamp\www\istakip\Projects\Panel\Resources\Themes\Default\fonts\feather\fonts\feather.svg", "XML", 0, 0, 0, 0, 295, 0, 0, 3, 552, 850
"d:\wamp\www\istakip\Projects\Panel\Resources\Themes\Default\fonts\feather\iconfont.css", "CSS", 0, 0, 291, 0, 0, 0, 0, 2, 276, 569
"d:\wamp\www\istakip\Projects\Panel\Resources\Themes\Default\fonts\flag-icon-css\README.md", "Markdown", 0, 0, 0, 0, 0, 0, 52, 0, 19, 71
"d:\wamp\www\istakip\Projects\Panel\Resources\Themes\Default\fonts\flag-icon-css\css\flag-icon.css", "CSS", 0, 0, 1538, 0, 0, 0, 0, 0, 1, 1539
"d:\wamp\www\istakip\Projects\Panel\Resources\Themes\Default\fonts\flag-icon-css\css\flag-icon.min.css", "CSS", 0, 0, 1, 0, 0, 0, 0, 0, 0, 1
"d:\wamp\www\istakip\Projects\Panel\Resources\Themes\Default\fonts\flag-icon-css\flags\1x1\ad.svg", "XML", 0, 0, 0, 0, 158, 0, 0, 0, 1, 159
"d:\wamp\www\istakip\Projects\Panel\Resources\Themes\Default\fonts\flag-icon-css\flags\1x1\ae.svg", "XML", 0, 0, 0, 0, 9, 0, 0, 0, 1, 10
"d:\wamp\www\istakip\Projects\Panel\Resources\Themes\Default\fonts\flag-icon-css\flags\1x1\af.svg", "XML", 0, 0, 0, 0, 434, 0, 0, 0, 1, 435
"d:\wamp\www\istakip\Projects\Panel\Resources\Themes\Default\fonts\flag-icon-css\flags\1x1\ag.svg", "XML", 0, 0, 0, 0, 15, 0, 0, 0, 1, 16
"d:\wamp\www\istakip\Projects\Panel\Resources\Themes\Default\fonts\flag-icon-css\flags\1x1\ai.svg", "XML", 0, 0, 0, 0, 772, 0, 0, 0, 1, 773
"d:\wamp\www\istakip\Projects\Panel\Resources\Themes\Default\fonts\flag-icon-css\flags\1x1\al.svg", "XML", 0, 0, 0, 0, 5, 0, 0, 0, 1, 6
"d:\wamp\www\istakip\Projects\Panel\Resources\Themes\Default\fonts\flag-icon-css\flags\1x1\am.svg", "XML", 0, 0, 0, 0, 6, 0, 0, 0, 1, 7
"d:\wamp\www\istakip\Projects\Panel\Resources\Themes\Default\fonts\flag-icon-css\flags\1x1\ao.svg", "XML", 0, 0, 0, 0, 14, 0, 0, 0, 1, 15
"d:\wamp\www\istakip\Projects\Panel\Resources\Themes\Default\fonts\flag-icon-css\flags\1x1\aq.svg", "XML", 0, 0, 0, 0, 14, 0, 0, 0, 1, 15
"d:\wamp\www\istakip\Projects\Panel\Resources\Themes\Default\fonts\flag-icon-css\flags\1x1\ar.svg", "XML", 0, 0, 0, 0, 144, 0, 0, 0, 1, 145
"d:\wamp\www\istakip\Projects\Panel\Resources\Themes\Default\fonts\flag-icon-css\flags\1x1\as.svg", "XML", 0, 0, 0, 0, 34, 0, 0, 0, 1, 35
"d:\wamp\www\istakip\Projects\Panel\Resources\Themes\Default\fonts\flag-icon-css\flags\1x1\at.svg", "XML", 0, 0, 0, 0, 7, 0, 0, 0, 1, 8
"d:\wamp\www\istakip\Projects\Panel\Resources\Themes\Default\fonts\flag-icon-css\flags\1x1\au.svg", "XML", 0, 0, 0, 0, 13, 0, 0, 0, 1, 14
"d:\wamp\www\istakip\Projects\Panel\Resources\Themes\Default\fonts\flag-icon-css\flags\1x1\aw.svg", "XML", 0, 0, 0, 0, 189, 0, 0, 0, 1, 190
"d:\wamp\www\istakip\Projects\Panel\Resources\Themes\Default\fonts\flag-icon-css\flags\1x1\ax.svg", "XML", 0, 0, 0, 0, 19, 0, 0, 0, 1, 20
"d:\wamp\www\istakip\Projects\Panel\Resources\Themes\Default\fonts\flag-icon-css\flags\1x1\az.svg", "XML", 0, 0, 0, 0, 8, 0, 0, 0, 1, 9
"d:\wamp\www\istakip\Projects\Panel\Resources\Themes\Default\fonts\flag-icon-css\flags\1x1\ba.svg", "XML", 0, 0, 0, 0, 15, 0, 0, 0, 1, 16
"d:\wamp\www\istakip\Projects\Panel\Resources\Themes\Default\fonts\flag-icon-css\flags\1x1\bb.svg", "XML", 0, 0, 0, 0, 6, 0, 0, 0, 1, 7
"d:\wamp\www\istakip\Projects\Panel\Resources\Themes\Default\fonts\flag-icon-css\flags\1x1\bd.svg", "XML", 0, 0, 0, 0, 7, 0, 0, 0, 1, 8
"d:\wamp\www\istakip\Projects\Panel\Resources\Themes\Default\fonts\flag-icon-css\flags\1x1\be.svg", "XML", 0, 0, 0, 0, 8, 0, 0, 0, 1, 9
"d:\wamp\www\istakip\Projects\Panel\Resources\Themes\Default\fonts\flag-icon-css\flags\1x1\bf.svg", "XML", 0, 0, 0, 0, 8, 0, 0, 0, 1, 9
"d:\wamp\www\istakip\Projects\Panel\Resources\Themes\Default\fonts\flag-icon-css\flags\1x1\bg.svg", "XML", 0, 0, 0, 0, 8, 0, 0, 0, 1, 9
"d:\wamp\www\istakip\Projects\Panel\Resources\Themes\Default\fonts\flag-icon-css\flags\1x1\bh.svg", "XML", 0, 0, 0, 0, 12, 0, 0, 0, 1, 13
"d:\wamp\www\istakip\Projects\Panel\Resources\Themes\Default\fonts\flag-icon-css\flags\1x1\bi.svg", "XML", 0, 0, 0, 0, 16, 0, 0, 0, 1, 17
"d:\wamp\www\istakip\Projects\Panel\Resources\Themes\Default\fonts\flag-icon-css\flags\1x1\bj.svg", "XML", 0, 0, 0, 0, 15, 0, 0, 0, 1, 16
"d:\wamp\www\istakip\Projects\Panel\Resources\Themes\Default\fonts\flag-icon-css\flags\1x1\bl.svg", "XML", 0, 0, 0, 0, 8, 0, 0, 0, 1, 9
"d:\wamp\www\istakip\Projects\Panel\Resources\Themes\Default\fonts\flag-icon-css\flags\1x1\bm.svg", "XML", 0, 0, 0, 0, 98, 0, 0, 0, 1, 99
"d:\wamp\www\istakip\Projects\Panel\Resources\Themes\Default\fonts\flag-icon-css\flags\1x1\bn.svg", "XML", 0, 0, 0, 0, 76, 0, 0, 0, 1, 77
"d:\wamp\www\istakip\Projects\Panel\Resources\Themes\Default\fonts\flag-icon-css\flags\1x1\bo.svg", "XML", 0, 0, 0, 0, 8, 0, 0, 0, 1, 9
"d:\wamp\www\istakip\Projects\Panel\Resources\Themes\Default\fonts\flag-icon-css\flags\1x1\bq.svg", "XML", 0, 0, 0, 0, 6, 0, 0, 0, 1, 7
"d:\wamp\www\istakip\Projects\Panel\Resources\Themes\Default\fonts\flag-icon-css\flags\1x1\br.svg", "XML", 0, 0, 0, 0, 46, 0, 0, 0, 1, 47
"d:\wamp\www\istakip\Projects\Panel\Resources\Themes\Default\fonts\flag-icon-css\flags\1x1\bs.svg", "XML", 0, 0, 0, 0, 14, 0, 0, 0, 1, 15
"d:\wamp\www\istakip\Projects\Panel\Resources\Themes\Default\fonts\flag-icon-css\flags\1x1\bt.svg", "XML", 0, 0, 0, 0, 125, 0, 0, 0, 1, 126
"d:\wamp\www\istakip\Projects\Panel\Resources\Themes\Default\fonts\flag-icon-css\flags\1x1\bv.svg", "XML", 0, 0, 0, 0, 14, 0, 0, 0, 1, 15
"d:\wamp\www\istakip\Projects\Panel\Resources\Themes\Default\fonts\flag-icon-css\flags\1x1\bw.svg", "XML", 0, 0, 0, 0, 8, 0, 0, 0, 1, 9
"d:\wamp\www\istakip\Projects\Panel\Resources\Themes\Default\fonts\flag-icon-css\flags\1x1\by.svg", "XML", 0, 0, 0, 0, 60, 0, 0, 0, 1, 61
"d:\wamp\www\istakip\Projects\Panel\Resources\Themes\Default\fonts\flag-icon-css\flags\1x1\bz.svg", "XML", 0, 0, 0, 0, 238, 0, 0, 0, 1, 239
"d:\wamp\www\istakip\Projects\Panel\Resources\Themes\Default\fonts\flag-icon-css\flags\1x1\ca.svg", "XML", 0, 0, 0, 0, 12, 0, 0, 0, 1, 13
"d:\wamp\www\istakip\Projects\Panel\Resources\Themes\Default\fonts\flag-icon-css\flags\1x1\cc.svg", "XML", 0, 0, 0, 0, 19, 0, 0, 0, 1, 20
"d:\wamp\www\istakip\Projects\Panel\Resources\Themes\Default\fonts\flag-icon-css\flags\1x1\cd.svg", "XML", 0, 0, 0, 0, 13, 0, 0, 0, 1, 14
"d:\wamp\www\istakip\Projects\Panel\Resources\Themes\Default\fonts\flag-icon-css\flags\1x1\cf.svg", "XML", 0, 0, 0, 0, 16, 0, 0, 0, 1, 17
"d:\wamp\www\istakip\Projects\Panel\Resources\Themes\Default\fonts\flag-icon-css\flags\1x1\cg.svg", "XML", 0, 0, 0, 0, 13, 0, 0, 0, 1, 14
"d:\wamp\www\istakip\Projects\Panel\Resources\Themes\Default\fonts\flag-icon-css\flags\1x1\ch.svg", "XML", 0, 0, 0, 0, 10, 0, 0, 0, 1, 11
"d:\wamp\www\istakip\Projects\Panel\Resources\Themes\Default\fonts\flag-icon-css\flags\1x1\ci.svg", "XML", 0, 0, 0, 0, 8, 0, 0, 0, 1, 9
"d:\wamp\www\istakip\Projects\Panel\Resources\Themes\Default\fonts\flag-icon-css\flags\1x1\ck.svg", "XML", 0, 0, 0, 0, 12, 0, 0, 0, 1, 13
"d:\wamp\www\istakip\Projects\Panel\Resources\Themes\Default\fonts\flag-icon-css\flags\1x1\cl.svg", "XML", 0, 0, 0, 0, 14, 0, 0, 0, 1, 15
"d:\wamp\www\istakip\Projects\Panel\Resources\Themes\Default\fonts\flag-icon-css\flags\1x1\cm.svg", "XML", 0, 0, 0, 0, 15, 0, 0, 0, 1, 16
"d:\wamp\www\istakip\Projects\Panel\Resources\Themes\Default\fonts\flag-icon-css\flags\1x1\cn.svg", "XML", 0, 0, 0, 0, 20, 0, 0, 0, 1, 21
"d:\wamp\www\istakip\Projects\Panel\Resources\Themes\Default\fonts\flag-icon-css\flags\1x1\co.svg", "XML", 0, 0, 0, 0, 8, 0, 0, 0, 1, 9
"d:\wamp\www\istakip\Projects\Panel\Resources\Themes\Default\fonts\flag-icon-css\flags\1x1\cr.svg", "XML", 0, 0, 0, 0, 8, 0, 0, 0, 1, 9
"d:\wamp\www\istakip\Projects\Panel\Resources\Themes\Default\fonts\flag-icon-css\flags\1x1\cu.svg", "XML", 0, 0, 0, 0, 14, 0, 0, 0, 1, 15
"d:\wamp\www\istakip\Projects\Panel\Resources\Themes\Default\fonts\flag-icon-css\flags\1x1\cv.svg", "XML", 0, 0, 0, 0, 17, 0, 0, 0, 1, 18
"d:\wamp\www\istakip\Projects\Panel\Resources\Themes\Default\fonts\flag-icon-css\flags\1x1\cw.svg", "XML", 0, 0, 0, 0, 15, 0, 0, 0, 1, 16
"d:\wamp\www\istakip\Projects\Panel\Resources\Themes\Default\fonts\flag-icon-css\flags\1x1\cx.svg", "XML", 0, 0, 0, 0, 15, 0, 0, 0, 1, 16
"d:\wamp\www\istakip\Projects\Panel\Resources\Themes\Default\fonts\flag-icon-css\flags\1x1\cy.svg", "XML", 0, 0, 0, 0, 6, 0, 0, 0, 1, 7
"d:\wamp\www\istakip\Projects\Panel\Resources\Themes\Default\fonts\flag-icon-css\flags\1x1\cz.svg", "XML", 0, 0, 0, 0, 13, 0, 0, 0, 1, 14
"d:\wamp\www\istakip\Projects\Panel\Resources\Themes\Default\fonts\flag-icon-css\flags\1x1\de.svg", "XML", 0, 0, 0, 0, 8, 0, 0, 0, 1, 9
"d:\wamp\www\istakip\Projects\Panel\Resources\Themes\Default\fonts\flag-icon-css\flags\1x1\dj.svg", "XML", 0, 0, 0, 0, 14, 0, 0, 0, 1, 15
"d:\wamp\www\istakip\Projects\Panel\Resources\Themes\Default\fonts\flag-icon-css\flags\1x1\dk.svg", "XML", 0, 0, 0, 0, 5, 0, 0, 0, 1, 6
"d:\wamp\www\istakip\Projects\Panel\Resources\Themes\Default\fonts\flag-icon-css\flags\1x1\dm.svg", "XML", 0, 0, 0, 0, 153, 0, 0, 0, 1, 154
"d:\wamp\www\istakip\Projects\Panel\Resources\Themes\Default\fonts\flag-icon-css\flags\1x1\do.svg", "XML", 0, 0, 0, 0, 6749, 0, 0, 0, 1, 6750
"d:\wamp\www\istakip\Projects\Panel\Resources\Themes\Default\fonts\flag-icon-css\flags\1x1\dz.svg", "XML", 0, 0, 0, 0, 5, 0, 0, 0, 1, 6
"d:\wamp\www\istakip\Projects\Panel\Resources\Themes\Default\fonts\flag-icon-css\flags\1x1\ec.svg", "XML", 0, 0, 0, 0, 146, 0, 0, 0, 1, 147
"d:\wamp\www\istakip\Projects\Panel\Resources\Themes\Default\fonts\flag-icon-css\flags\1x1\ee.svg", "XML", 0, 0, 0, 0, 8, 0, 0, 0, 1, 9
"d:\wamp\www\istakip\Projects\Panel\Resources\Themes\Default\fonts\flag-icon-css\flags\1x1\eg.svg", "XML", 0, 0, 0, 0, 42, 0, 0, 0, 1, 43
"d:\wamp\www\istakip\Projects\Panel\Resources\Themes\Default\fonts\flag-icon-css\flags\1x1\eh.svg", "XML", 0, 0, 0, 0, 16, 0, 0, 0, 1, 17
"d:\wamp\www\istakip\Projects\Panel\Resources\Themes\Default\fonts\flag-icon-css\flags\1x1\er.svg", "XML", 0, 0, 0, 0, 14, 0, 0, 0, 1, 15
"d:\wamp\www\istakip\Projects\Panel\Resources\Themes\Default\fonts\flag-icon-css\flags\1x1\es.svg", "XML", 0, 0, 0, 0, 581, 0, 0, 0, 1, 582
"d:\wamp\www\istakip\Projects\Panel\Resources\Themes\Default\fonts\flag-icon-css\flags\1x1\et.svg", "XML", 0, 0, 0, 0, 15, 0, 0, 0, 1, 16
"d:\wamp\www\istakip\Projects\Panel\Resources\Themes\Default\fonts\flag-icon-css\flags\1x1\eu.svg", "XML", 0, 0, 0, 0, 28, 0, 0, 0, 1, 29
"d:\wamp\www\istakip\Projects\Panel\Resources\Themes\Default\fonts\flag-icon-css\flags\1x1\fi.svg", "XML", 0, 0, 0, 0, 17, 0, 0, 0, 1, 18
"d:\wamp\www\istakip\Projects\Panel\Resources\Themes\Default\fonts\flag-icon-css\flags\1x1\fj.svg", "XML", 0, 0, 0, 0, 139, 0, 0, 0, 1, 140
"d:\wamp\www\istakip\Projects\Panel\Resources\Themes\Default\fonts\flag-icon-css\flags\1x1\fk.svg", "XML", 0, 0, 0, 0, 91, 0, 0, 0, 1, 92
"d:\wamp\www\istakip\Projects\Panel\Resources\Themes\Default\fonts\flag-icon-css\flags\1x1\fm.svg", "XML", 0, 0, 0, 0, 12, 0, 0, 0, 1, 13
"d:\wamp\www\istakip\Projects\Panel\Resources\Themes\Default\fonts\flag-icon-css\flags\1x1\fo.svg", "XML", 0, 0, 0, 0, 13, 0, 0, 0, 1, 14
"d:\wamp\www\istakip\Projects\Panel\Resources\Themes\Default\fonts\flag-icon-css\flags\1x1\fr.svg", "XML", 0, 0, 0, 0, 8, 0, 0, 0, 1, 9
"d:\wamp\www\istakip\Projects\Panel\Resources\Themes\Default\fonts\flag-icon-css\flags\1x1\ga.svg", "XML", 0, 0, 0, 0, 8, 0, 0, 0, 1, 9
"d:\wamp\www\istakip\Projects\Panel\Resources\Themes\Default\fonts\flag-icon-css\flags\1x1\gb-eng.svg", "XML", 0, 0, 0, 0, 5, 0, 0, 0, 1, 6
"d:\wamp\www\istakip\Projects\Panel\Resources\Themes\Default\fonts\flag-icon-css\flags\1x1\gb-sct.svg", "XML", 0, 0, 0, 0, 4, 0, 0, 0, 1, 5
"d:\wamp\www\istakip\Projects\Panel\Resources\Themes\Default\fonts\flag-icon-css\flags\1x1\gb-wls.svg", "XML", 0, 0, 0, 0, 9, 0, 0, 0, 1, 10
"d:\wamp\www\istakip\Projects\Panel\Resources\Themes\Default\fonts\flag-icon-css\flags\1x1\gb.svg", "XML", 0, 0, 0, 0, 16, 0, 0, 0, 1, 17
"d:\wamp\www\istakip\Projects\Panel\Resources\Themes\Default\fonts\flag-icon-css\flags\1x1\gd.svg", "XML", 0, 0, 0, 0, 14, 0, 0, 0, 1, 15
"d:\wamp\www\istakip\Projects\Panel\Resources\Themes\Default\fonts\flag-icon-css\flags\1x1\ge.svg", "XML", 0, 0, 0, 0, 21, 0, 0, 0, 1, 22
"d:\wamp\www\istakip\Projects\Panel\Resources\Themes\Default\fonts\flag-icon-css\flags\1x1\gf.svg", "XML", 0, 0, 0, 0, 5, 0, 0, 0, 1, 6
"d:\wamp\www\istakip\Projects\Panel\Resources\Themes\Default\fonts\flag-icon-css\flags\1x1\gg.svg", "XML", 0, 0, 0, 0, 17, 0, 0, 0, 1, 18
"d:\wamp\www\istakip\Projects\Panel\Resources\Themes\Default\fonts\flag-icon-css\flags\1x1\gh.svg", "XML", 0, 0, 0, 0, 6, 0, 0, 0, 1, 7
"d:\wamp\www\istakip\Projects\Panel\Resources\Themes\Default\fonts\flag-icon-css\flags\1x1\gi.svg", "XML", 0, 0, 0, 0, 33, 0, 0, 0, 1, 34
"d:\wamp\www\istakip\Projects\Panel\Resources\Themes\Default\fonts\flag-icon-css\flags\1x1\gl.svg", "XML", 0, 0, 0, 0, 13, 0, 0, 0, 1, 14
"d:\wamp\www\istakip\Projects\Panel\Resources\Themes\Default\fonts\flag-icon-css\flags\1x1\gm.svg", "XML", 0, 0, 0, 0, 10, 0, 0, 0, 1, 11
"d:\wamp\www\istakip\Projects\Panel\Resources\Themes\Default\fonts\flag-icon-css\flags\1x1\gn.svg", "XML", 0, 0, 0, 0, 8, 0, 0, 0, 1, 9
"d:\wamp\www\istakip\Projects\Panel\Resources\Themes\Default\fonts\flag-icon-css\flags\1x1\gp.svg", "XML", 0, 0, 0, 0, 8, 0, 0, 0, 1, 9
"d:\wamp\www\istakip\Projects\Panel\Resources\Themes\Default\fonts\flag-icon-css\flags\1x1\gq.svg", "XML", 0, 0, 0, 0, 37, 0, 0, 0, 1, 38
"d:\wamp\www\istakip\Projects\Panel\Resources\Themes\Default\fonts\flag-icon-css\flags\1x1\gr.svg", "XML", 0, 0, 0, 0, 25, 0, 0, 0, 1, 26
"d:\wamp\www\istakip\Projects\Panel\Resources\Themes\Default\fonts\flag-icon-css\flags\1x1\gs.svg", "XML", 0, 0, 0, 0, 215, 0, 0, 0, 1, 216
"d:\wamp\www\istakip\Projects\Panel\Resources\Themes\Default\fonts\flag-icon-css\flags\1x1\gt.svg", "XML", 0, 0, 0, 0, 216, 0, 0, 0, 1, 217
"d:\wamp\www\istakip\Projects\Panel\Resources\Themes\Default\fonts\flag-icon-css\flags\1x1\gu.svg", "XML", 0, 0, 0, 0, 40, 0, 0, 0, 1, 41
"d:\wamp\www\istakip\Projects\Panel\Resources\Themes\Default\fonts\flag-icon-css\flags\1x1\gw.svg", "XML", 0, 0, 0, 0, 14, 0, 0, 0, 1, 15
"d:\wamp\www\istakip\Projects\Panel\Resources\Themes\Default\fonts\flag-icon-css\flags\1x1\gy.svg", "XML", 0, 0, 0, 0, 10, 0, 0, 0, 1, 11
"d:\wamp\www\istakip\Projects\Panel\Resources\Themes\Default\fonts\flag-icon-css\flags\1x1\hk.svg", "XML", 0, 0, 0, 0, 37, 0, 0, 0, 1, 38
"d:\wamp\www\istakip\Projects\Panel\Resources\Themes\Default\fonts\flag-icon-css\flags\1x1\hm.svg", "XML", 0, 0, 0, 0, 13, 0, 0, 0, 1, 14
"d:\wamp\www\istakip\Projects\Panel\Resources\Themes\Default\fonts\flag-icon-css\flags\1x1\hn.svg", "XML", 0, 0, 0, 0, 18, 0, 0, 0, 1, 19
"d:\wamp\www\istakip\Projects\Panel\Resources\Themes\Default\fonts\flag-icon-css\flags\1x1\hr.svg", "XML", 0, 0, 0, 0, 71, 0, 0, 0, 1, 72
"d:\wamp\www\istakip\Projects\Panel\Resources\Themes\Default\fonts\flag-icon-css\flags\1x1\ht.svg", "XML", 0, 0, 0, 0, 141, 0, 0, 0, 1, 142
"d:\wamp\www\istakip\Projects\Panel\Resources\Themes\Default\fonts\flag-icon-css\flags\1x1\hu.svg", "XML", 0, 0, 0, 0, 8, 0, 0, 0, 1, 9
"d:\wamp\www\istakip\Projects\Panel\Resources\Themes\Default\fonts\flag-icon-css\flags\1x1\id.svg", "XML", 0, 0, 0, 0, 7, 0, 0, 0, 1, 8
"d:\wamp\www\istakip\Projects\Panel\Resources\Themes\Default\fonts\flag-icon-css\flags\1x1\ie.svg", "XML", 0, 0, 0, 0, 8, 0, 0, 0, 1, 9
"d:\wamp\www\istakip\Projects\Panel\Resources\Themes\Default\fonts\flag-icon-css\flags\1x1\il.svg", "XML", 0, 0, 0, 0, 15, 0, 0, 0, 1, 16
"d:\wamp\www\istakip\Projects\Panel\Resources\Themes\Default\fonts\flag-icon-css\flags\1x1\im.svg", "XML", 0, 0, 0, 0, 37, 0, 0, 0, 1, 38
"d:\wamp\www\istakip\Projects\Panel\Resources\Themes\Default\fonts\flag-icon-css\flags\1x1\in.svg", "XML", 0, 0, 0, 0, 25, 0, 0, 0, 1, 26
"d:\wamp\www\istakip\Projects\Panel\Resources\Themes\Default\fonts\flag-icon-css\flags\1x1\io.svg", "XML", 0, 0, 0, 0, 192, 0, 0, 0, 1, 193
"d:\wamp\www\istakip\Projects\Panel\Resources\Themes\Default\fonts\flag-icon-css\flags\1x1\iq.svg", "XML", 0, 0, 0, 0, 10, 0, 0, 0, 1, 11
"d:\wamp\www\istakip\Projects\Panel\Resources\Themes\Default\fonts\flag-icon-css\flags\1x1\ir.svg", "XML", 0, 0, 0, 0, 521, 0, 0, 0, 1, 522
"d:\wamp\www\istakip\Projects\Panel\Resources\Themes\Default\fonts\flag-icon-css\flags\1x1\is.svg", "XML", 0, 0, 0, 0, 21, 0, 0, 0, 1, 22
"d:\wamp\www\istakip\Projects\Panel\Resources\Themes\Default\fonts\flag-icon-css\flags\1x1\it.svg", "XML", 0, 0, 0, 0, 16, 0, 0, 0, 1, 17
"d:\wamp\www\istakip\Projects\Panel\Resources\Themes\Default\fonts\flag-icon-css\flags\1x1\je.svg", "XML", 0, 0, 0, 0, 67, 0, 0, 0, 1, 68
"d:\wamp\www\istakip\Projects\Panel\Resources\Themes\Default\fonts\flag-icon-css\flags\1x1\jm.svg", "XML", 0, 0, 0, 0, 23, 0, 0, 0, 1, 24
"d:\wamp\www\istakip\Projects\Panel\Resources\Themes\Default\fonts\flag-icon-css\flags\1x1\jo.svg", "XML", 0, 0, 0, 0, 25, 0, 0, 0, 1, 26
"d:\wamp\www\istakip\Projects\Panel\Resources\Themes\Default\fonts\flag-icon-css\flags\1x1\jp.svg", "XML", 0, 0, 0, 0, 20, 0, 0, 0, 1, 21
"d:\wamp\www\istakip\Projects\Panel\Resources\Themes\Default\fonts\flag-icon-css\flags\1x1\ke.svg", "XML", 0, 0, 0, 0, 23, 0, 0, 0, 1, 24
"d:\wamp\www\istakip\Projects\Panel\Resources\Themes\Default\fonts\flag-icon-css\flags\1x1\kg.svg", "XML", 0, 0, 0, 0, 24, 0, 0, 0, 1, 25
"d:\wamp\www\istakip\Projects\Panel\Resources\Themes\Default\fonts\flag-icon-css\flags\1x1\kh.svg", "XML", 0, 0, 0, 0, 155, 0, 0, 0, 1, 156
"d:\wamp\www\istakip\Projects\Panel\Resources\Themes\Default\fonts\flag-icon-css\flags\1x1\ki.svg", "XML", 0, 0, 0, 0, 48, 0, 0, 0, 1, 49
"d:\wamp\www\istakip\Projects\Panel\Resources\Themes\Default\fonts\flag-icon-css\flags\1x1\km.svg", "XML", 0, 0, 0, 0, 28, 0, 0, 0, 1, 29
"d:\wamp\www\istakip\Projects\Panel\Resources\Themes\Default\fonts\flag-icon-css\flags\1x1\kn.svg", "XML", 0, 0, 0, 0, 24, 0, 0, 0, 1, 25
"d:\wamp\www\istakip\Projects\Panel\Resources\Themes\Default\fonts\flag-icon-css\flags\1x1\kp.svg", "XML", 0, 0, 0, 0, 24, 0, 0, 0, 1, 25
"d:\wamp\www\istakip\Projects\Panel\Resources\Themes\Default\fonts\flag-icon-css\flags\1x1\kr.svg", "XML", 0, 0, 0, 0, 41, 0, 0, 0, 1, 42
"d:\wamp\www\istakip\Projects\Panel\Resources\Themes\Default\fonts\flag-icon-css\flags\1x1\kw.svg", "XML", 0, 0, 0, 0, 22, 0, 0, 0, 1, 23
"d:\wamp\www\istakip\Projects\Panel\Resources\Themes\Default\fonts\flag-icon-css\flags\1x1\ky.svg", "XML", 0, 0, 0, 0, 125, 0, 0, 0, 1, 126
"d:\wamp\www\istakip\Projects\Panel\Resources\Themes\Default\fonts\flag-icon-css\flags\1x1\kz.svg", "XML", 0, 0, 0, 0, 66, 0, 0, 0, 1, 67
"d:\wamp\www\istakip\Projects\Panel\Resources\Themes\Default\fonts\flag-icon-css\flags\1x1\la.svg", "XML", 0, 0, 0, 0, 21, 0, 0, 0, 1, 22
"d:\wamp\www\istakip\Projects\Panel\Resources\Themes\Default\fonts\flag-icon-css\flags\1x1\lb.svg", "XML", 0, 0, 0, 0, 44, 0, 0, 0, 1, 45
"d:\wamp\www\istakip\Projects\Panel\Resources\Themes\Default\fonts\flag-icon-css\flags\1x1\lc.svg", "XML", 0, 0, 0, 0, 17, 0, 0, 0, 1, 18
"d:\wamp\www\istakip\Projects\Panel\Resources\Themes\Default\fonts\flag-icon-css\flags\1x1\li.svg", "XML", 0, 0, 0, 0, 43, 0, 0, 0, 1, 44
"d:\wamp\www\istakip\Projects\Panel\Resources\Themes\Default\fonts\flag-icon-css\flags\1x1\lk.svg", "XML", 0, 0, 0, 0, 22, 0, 0, 0, 1, 23
"d:\wamp\www\istakip\Projects\Panel\Resources\Themes\Default\fonts\flag-icon-css\flags\1x1\lr.svg", "XML", 0, 0, 0, 0, 28, 0, 0, 0, 1, 29
"d:\wamp\www\istakip\Projects\Panel\Resources\Themes\Default\fonts\flag-icon-css\flags\1x1\ls.svg", "XML", 0, 0, 0, 0, 173, 0, 0, 0, 1, 174
"d:\wamp\www\istakip\Projects\Panel\Resources\Themes\Default\fonts\flag-icon-css\flags\1x1\lt.svg", "XML", 0, 0, 0, 0, 16, 0, 0, 0, 1, 17
"d:\wamp\www\istakip\Projects\Panel\Resources\Themes\Default\fonts\flag-icon-css\flags\1x1\lu.svg", "XML", 0, 0, 0, 0, 16, 0, 0, 0, 1, 17
"d:\wamp\www\istakip\Projects\Panel\Resources\Themes\Default\fonts\flag-icon-css\flags\1x1\lv.svg", "XML", 0, 0, 0, 0, 16, 0, 0, 0, 1, 17
"d:\wamp\www\istakip\Projects\Panel\Resources\Themes\Default\fonts\flag-icon-css\flags\1x1\ly.svg", "XML", 0, 0, 0, 0, 25, 0, 0, 0, 1, 26
"d:\wamp\www\istakip\Projects\Panel\Resources\Themes\Default\fonts\flag-icon-css\flags\1x1\ma.svg", "XML", 0, 0, 0, 0, 4, 0, 0, 0, 1, 5
"d:\wamp\www\istakip\Projects\Panel\Resources\Themes\Default\fonts\flag-icon-css\flags\1x1\mc.svg", "XML", 0, 0, 0, 0, 15, 0, 0, 0, 1, 16
"d:\wamp\www\istakip\Projects\Panel\Resources\Themes\Default\fonts\flag-icon-css\flags\1x1\md.svg", "XML", 0, 0, 0, 0, 98, 0, 0, 0, 1, 99
"d:\wamp\www\istakip\Projects\Panel\Resources\Themes\Default\fonts\flag-icon-css\flags\1x1\me.svg", "XML", 0, 0, 0, 0, 4, 0, 0, 0, 1, 5
"d:\wamp\www\istakip\Projects\Panel\Resources\Themes\Default\fonts\flag-icon-css\flags\1x1\mf.svg", "XML", 0, 0, 0, 0, 16, 0, 0, 0, 1, 17
"d:\wamp\www\istakip\Projects\Panel\Resources\Themes\Default\fonts\flag-icon-css\flags\1x1\mg.svg", "XML", 0, 0, 0, 0, 16, 0, 0, 0, 1, 17
"d:\wamp\www\istakip\Projects\Panel\Resources\Themes\Default\fonts\flag-icon-css\flags\1x1\mh.svg", "XML", 0, 0, 0, 0, 17, 0, 0, 0, 1, 18
"d:\wamp\www\istakip\Projects\Panel\Resources\Themes\Default\fonts\flag-icon-css\flags\1x1\mk.svg", "XML", 0, 0, 0, 0, 5, 0, 0, 0, 1, 6
"d:\wamp\www\istakip\Projects\Panel\Resources\Themes\Default\fonts\flag-icon-css\flags\1x1\ml.svg", "XML", 0, 0, 0, 0, 16, 0, 0, 0, 1, 17
"d:\wamp\www\istakip\Projects\Panel\Resources\Themes\Default\fonts\flag-icon-css\flags\1x1\mm.svg", "XML", 0, 0, 0, 0, 157, 0, 0, 0, 1, 158
"d:\wamp\www\istakip\Projects\Panel\Resources\Themes\Default\fonts\flag-icon-css\flags\1x1\mn.svg", "XML", 0, 0, 0, 0, 16, 0, 0, 0, 1, 17
"d:\wamp\www\istakip\Projects\Panel\Resources\Themes\Default\fonts\flag-icon-css\flags\1x1\mo.svg", "XML", 0, 0, 0, 0, 9, 0, 0, 0, 1, 10
"d:\wamp\www\istakip\Projects\Panel\Resources\Themes\Default\fonts\flag-icon-css\flags\1x1\mp.svg", "XML", 0, 0, 0, 0, 267, 0, 0, 0, 1, 268
"d:\wamp\www\istakip\Projects\Panel\Resources\Themes\Default\fonts\flag-icon-css\flags\1x1\mq.svg", "XML", 0, 0, 0, 0, 16, 0, 0, 0, 1, 17
"d:\wamp\www\istakip\Projects\Panel\Resources\Themes\Default\fonts\flag-icon-css\flags\1x1\mr.svg", "XML", 0, 0, 0, 0, 13, 0, 0, 0, 1, 14
"d:\wamp\www\istakip\Projects\Panel\Resources\Themes\Default\fonts\flag-icon-css\flags\1x1\ms.svg", "XML", 0, 0, 0, 0, 75, 0, 0, 0, 1, 76
"d:\wamp\www\istakip\Projects\Panel\Resources\Themes\Default\fonts\flag-icon-css\flags\1x1\mt.svg", "XML", 0, 0, 0, 0, 79, 0, 0, 0, 1, 80
"d:\wamp\www\istakip\Projects\Panel\Resources\Themes\Default\fonts\flag-icon-css\flags\1x1\mu.svg", "XML", 0, 0, 0, 0, 17, 0, 0, 0, 1, 18
"d:\wamp\www\istakip\Projects\Panel\Resources\Themes\Default\fonts\flag-icon-css\flags\1x1\mv.svg", "XML", 0, 0, 0, 0, 24, 0, 0, 0, 1, 25
"d:\wamp\www\istakip\Projects\Panel\Resources\Themes\Default\fonts\flag-icon-css\flags\1x1\mw.svg", "XML", 0, 0, 0, 0, 55, 0, 0, 0, 1, 56
"d:\wamp\www\istakip\Projects\Panel\Resources\Themes\Default\fonts\flag-icon-css\flags\1x1\mx.svg", "XML", 0, 0, 0, 0, 346, 0, 0, 0, 1, 347
"d:\wamp\www\istakip\Projects\Panel\Resources\Themes\Default\fonts\flag-icon-css\flags\1x1\my.svg", "XML", 0, 0, 0, 0, 13, 0, 0, 0, 1, 14
"d:\wamp\www\istakip\Projects\Panel\Resources\Themes\Default\fonts\flag-icon-css\flags\1x1\mz.svg", "XML", 0, 0, 0, 0, 33, 0, 0, 0, 1, 34
"d:\wamp\www\istakip\Projects\Panel\Resources\Themes\Default\fonts\flag-icon-css\flags\1x1\na.svg", "XML", 0, 0, 0, 0, 29, 0, 0, 0, 1, 30
"d:\wamp\www\istakip\Projects\Panel\Resources\Themes\Default\fonts\flag-icon-css\flags\1x1\nc.svg", "XML", 0, 0, 0, 0, 16, 0, 0, 0, 1, 17
"d:\wamp\www\istakip\Projects\Panel\Resources\Themes\Default\fonts\flag-icon-css\flags\1x1\ne.svg", "XML", 0, 0, 0, 0, 6, 0, 0, 0, 1, 7
"d:\wamp\www\istakip\Projects\Panel\Resources\Themes\Default\fonts\flag-icon-css\flags\1x1\nf.svg", "XML", 0, 0, 0, 0, 47, 0, 0, 0, 1, 48
"d:\wamp\www\istakip\Projects\Panel\Resources\Themes\Default\fonts\flag-icon-css\flags\1x1\ng.svg", "XML", 0, 0, 0, 0, 18, 0, 0, 0, 1, 19
"d:\wamp\www\istakip\Projects\Panel\Resources\Themes\Default\fonts\flag-icon-css\flags\1x1\ni.svg", "XML", 0, 0, 0, 0, 137, 0, 0, 0, 1, 138
"d:\wamp\www\istakip\Projects\Panel\Resources\Themes\Default\fonts\flag-icon-css\flags\1x1\nl.svg", "XML", 0, 0, 0, 0, 16, 0, 0, 0, 1, 17
"d:\wamp\www\istakip\Projects\Panel\Resources\Themes\Default\fonts\flag-icon-css\flags\1x1\no.svg", "XML", 0, 0, 0, 0, 7, 0, 0, 0, 1, 8
"d:\wamp\www\istakip\Projects\Panel\Resources\Themes\Default\fonts\flag-icon-css\flags\1x1\np.svg", "XML", 0, 0, 0, 0, 29, 0, 0, 0, 1, 30
"d:\wamp\www\istakip\Projects\Panel\Resources\Themes\Default\fonts\flag-icon-css\flags\1x1\nr.svg", "XML", 0, 0, 0, 0, 21, 0, 0, 0, 1, 22
"d:\wamp\www\istakip\Projects\Panel\Resources\Themes\Default\fonts\flag-icon-css\flags\1x1\nu.svg", "XML", 0, 0, 0, 0, 39, 0, 0, 0, 1, 40
"d:\wamp\www\istakip\Projects\Panel\Resources\Themes\Default\fonts\flag-icon-css\flags\1x1\nz.svg", "XML", 0, 0, 0, 0, 42, 0, 0, 0, 1, 43
"d:\wamp\www\istakip\Projects\Panel\Resources\Themes\Default\fonts\flag-icon-css\flags\1x1\om.svg", "XML", 0, 0, 0, 0, 348, 0, 0, 0, 1, 349
"d:\wamp\www\istakip\Projects\Panel\Resources\Themes\Default\fonts\flag-icon-css\flags\1x1\pa.svg", "XML", 0, 0, 0, 0, 23, 0, 0, 0, 1, 24
"d:\wamp\www\istakip\Projects\Panel\Resources\Themes\Default\fonts\flag-icon-css\flags\1x1\pe.svg", "XML", 0, 0, 0, 0, 16, 0, 0, 0, 1, 17
"d:\wamp\www\istakip\Projects\Panel\Resources\Themes\Default\fonts\flag-icon-css\flags\1x1\pf.svg", "XML", 0, 0, 0, 0, 75, 0, 0, 0, 1, 76
"d:\wamp\www\istakip\Projects\Panel\Resources\Themes\Default\fonts\flag-icon-css\flags\1x1\pg.svg", "XML", 0, 0, 0, 0, 31, 0, 0, 0, 1, 32
"d:\wamp\www\istakip\Projects\Panel\Resources\Themes\Default\fonts\flag-icon-css\flags\1x1\ph.svg", "XML", 0, 0, 0, 0, 33, 0, 0, 0, 1, 34
"d:\wamp\www\istakip\Projects\Panel\Resources\Themes\Default\fonts\flag-icon-css\flags\1x1\pk.svg", "XML", 0, 0, 0, 0, 24, 0, 0, 0, 1, 25
"d:\wamp\www\istakip\Projects\Panel\Resources\Themes\Default\fonts\flag-icon-css\flags\1x1\pl.svg", "XML", 0, 0, 0, 0, 15, 0, 0, 0, 1, 16
"d:\wamp\www\istakip\Projects\Panel\Resources\Themes\Default\fonts\flag-icon-css\flags\1x1\pm.svg", "XML", 0, 0, 0, 0, 16, 0, 0, 0, 1, 17
"d:\wamp\www\istakip\Projects\Panel\Resources\Themes\Default\fonts\flag-icon-css\flags\1x1\pn.svg", "XML", 0, 0, 0, 0, 148, 0, 0, 0, 1, 149
"d:\wamp\www\istakip\Projects\Panel\Resources\Themes\Default\fonts\flag-icon-css\flags\1x1\pr.svg", "XML", 0, 0, 0, 0, 23, 0, 0, 0, 1, 24
"d:\wamp\www\istakip\Projects\Panel\Resources\Themes\Default\fonts\flag-icon-css\flags\1x1\ps.svg", "XML", 0, 0, 0, 0, 24, 0, 0, 0, 1, 25
"d:\wamp\www\istakip\Projects\Panel\Resources\Themes\Default\fonts\flag-icon-css\flags\1x1\pt.svg", "XML", 0, 0, 0, 0, 57, 0, 0, 0, 1, 58
"d:\wamp\www\istakip\Projects\Panel\Resources\Themes\Default\fonts\flag-icon-css\flags\1x1\pw.svg", "XML", 0, 0, 0, 0, 20, 0, 0, 0, 1, 21
"d:\wamp\www\istakip\Projects\Panel\Resources\Themes\Default\fonts\flag-icon-css\flags\1x1\py.svg", "XML", 0, 0, 0, 0, 157, 0, 0, 0, 1, 158
"d:\wamp\www\istakip\Projects\Panel\Resources\Themes\Default\fonts\flag-icon-css\flags\1x1\qa.svg", "XML", 0, 0, 0, 0, 20, 0, 0, 0, 1, 21
"d:\wamp\www\istakip\Projects\Panel\Resources\Themes\Default\fonts\flag-icon-css\flags\1x1\re.svg", "XML", 0, 0, 0, 0, 16, 0, 0, 0, 1, 17
"d:\wamp\www\istakip\Projects\Panel\Resources\Themes\Default\fonts\flag-icon-css\flags\1x1\ro.svg", "XML", 0, 0, 0, 0, 18, 0, 0, 0, 1, 19
"d:\wamp\www\istakip\Projects\Panel\Resources\Themes\Default\fonts\flag-icon-css\flags\1x1\rs.svg", "XML", 0, 0, 0, 0, 1571, 0, 0, 0, 1, 1572
"d:\wamp\www\istakip\Projects\Panel\Resources\Themes\Default\fonts\flag-icon-css\flags\1x1\ru.svg", "XML", 0, 0, 0, 0, 16, 0, 0, 0, 1, 17
"d:\wamp\www\istakip\Projects\Panel\Resources\Themes\Default\fonts\flag-icon-css\flags\1x1\rw.svg", "XML", 0, 0, 0, 0, 13, 0, 0, 0, 1, 14
"d:\wamp\www\istakip\Projects\Panel\Resources\Themes\Default\fonts\flag-icon-css\flags\1x1\sa.svg", "XML", 0, 0, 0, 0, 55, 0, 0, 0, 1, 56
"d:\wamp\www\istakip\Projects\Panel\Resources\Themes\Default\fonts\flag-icon-css\flags\1x1\sb.svg", "XML", 0, 0, 0, 0, 26, 0, 0, 0, 1, 27
"d:\wamp\www\istakip\Projects\Panel\Resources\Themes\Default\fonts\flag-icon-css\flags\1x1\sc.svg", "XML", 0, 0, 0, 0, 23, 0, 0, 0, 1, 24
"d:\wamp\www\istakip\Projects\Panel\Resources\Themes\Default\fonts\flag-icon-css\flags\1x1\sd.svg", "XML", 0, 0, 0, 0, 22, 0, 0, 0, 1, 23
"d:\wamp\www\istakip\Projects\Panel\Resources\Themes\Default\fonts\flag-icon-css\flags\1x1\se.svg", "XML", 0, 0, 0, 0, 27, 0, 0, 0, 1, 28
"d:\wamp\www\istakip\Projects\Panel\Resources\Themes\Default\fonts\flag-icon-css\flags\1x1\sg.svg", "XML", 0, 0, 0, 0, 26, 0, 0, 0, 1, 27
"d:\wamp\www\istakip\Projects\Panel\Resources\Themes\Default\fonts\flag-icon-css\flags\1x1\sh.svg", "XML", 0, 0, 0, 0, 798, 0, 0, 0, 1, 799
"d:\wamp\www\istakip\Projects\Panel\Resources\Themes\Default\fonts\flag-icon-css\flags\1x1\si.svg", "XML", 0, 0, 0, 0, 29, 0, 0, 0, 1, 30
"d:\wamp\www\istakip\Projects\Panel\Resources\Themes\Default\fonts\flag-icon-css\flags\1x1\sj.svg", "XML", 0, 0, 0, 0, 26, 0, 0, 0, 1, 27
"d:\wamp\www\istakip\Projects\Panel\Resources\Themes\Default\fonts\flag-icon-css\flags\1x1\sk.svg", "XML", 0, 0, 0, 0, 25, 0, 0, 0, 1, 26
"d:\wamp\www\istakip\Projects\Panel\Resources\Themes\Default\fonts\flag-icon-css\flags\1x1\sl.svg", "XML", 0, 0, 0, 0, 90, 0, 0, 0, 3, 93
"d:\wamp\www\istakip\Projects\Panel\Resources\Themes\Default\fonts\flag-icon-css\flags\1x1\sm.svg", "XML", 0, 0, 0, 0, 187, 0, 0, 0, 1, 188
"d:\wamp\www\istakip\Projects\Panel\Resources\Themes\Default\fonts\flag-icon-css\flags\1x1\sn.svg", "XML", 0, 0, 0, 0, 17, 0, 0, 0, 1, 18
"d:\wamp\www\istakip\Projects\Panel\Resources\Themes\Default\fonts\flag-icon-css\flags\1x1\so.svg", "XML", 0, 0, 0, 0, 20, 0, 0, 0, 1, 21
"d:\wamp\www\istakip\Projects\Panel\Resources\Themes\Default\fonts\flag-icon-css\flags\1x1\sr.svg", "XML", 0, 0, 0, 0, 6, 0, 0, 0, 1, 7
"d:\wamp\www\istakip\Projects\Panel\Resources\Themes\Default\fonts\flag-icon-css\flags\1x1\ss.svg", "XML", 0, 0, 0, 0, 21, 0, 0, 0, 1, 22
"d:\wamp\www\istakip\Projects\Panel\Resources\Themes\Default\fonts\flag-icon-css\flags\1x1\st.svg", "XML", 0, 0, 0, 0, 26, 0, 0, 0, 1, 27
"d:\wamp\www\istakip\Projects\Panel\Resources\Themes\Default\fonts\flag-icon-css\flags\1x1\sv.svg", "XML", 0, 0, 0, 0, 645, 0, 0, 0, 1, 646
"d:\wamp\www\istakip\Projects\Panel\Resources\Themes\Default\fonts\flag-icon-css\flags\1x1\sx.svg", "XML", 0, 0, 0, 0, 105, 0, 0, 0, 1, 106
"d:\wamp\www\istakip\Projects\Panel\Resources\Themes\Default\fonts\flag-icon-css\flags\1x1\sy.svg", "XML", 0, 0, 0, 0, 27, 0, 0, 0, 1, 28
"d:\wamp\www\istakip\Projects\Panel\Resources\Themes\Default\fonts\flag-icon-css\flags\1x1\sz.svg", "XML", 0, 0, 0, 0, 92, 0, 0, 0, 1, 93
"d:\wamp\www\istakip\Projects\Panel\Resources\Themes\Default\fonts\flag-icon-css\flags\1x1\tc.svg", "XML", 0, 0, 0, 0, 107, 0, 0, 0, 1, 108
"d:\wamp\www\istakip\Projects\Panel\Resources\Themes\Default\fonts\flag-icon-css\flags\1x1\td.svg", "XML", 0, 0, 0, 0, 75, 0, 0, 0, 3, 78
"d:\wamp\www\istakip\Projects\Panel\Resources\Themes\Default\fonts\flag-icon-css\flags\1x1\tf.svg", "XML", 0, 0, 0, 0, 15, 0, 0, 0, 1, 16
"d:\wamp\www\istakip\Projects\Panel\Resources\Themes\Default\fonts\flag-icon-css\flags\1x1\tg.svg", "XML", 0, 0, 0, 0, 24, 0, 0, 0, 1, 25
"d:\wamp\www\istakip\Projects\Panel\Resources\Themes\Default\fonts\flag-icon-css\flags\1x1\th.svg", "XML", 0, 0, 0, 0, 17, 0, 0, 0, 1, 18
"d:\wamp\www\istakip\Projects\Panel\Resources\Themes\Default\fonts\flag-icon-css\flags\1x1\tj.svg", "XML", 0, 0, 0, 0, 182, 0, 0, 0, 1, 183
"d:\wamp\www\istakip\Projects\Panel\Resources\Themes\Default\fonts\flag-icon-css\flags\1x1\tk.svg", "XML", 0, 0, 0, 0, 24, 0, 0, 0, 1, 25
"d:\wamp\www\istakip\Projects\Panel\Resources\Themes\Default\fonts\flag-icon-css\flags\1x1\tl.svg", "XML", 0, 0, 0, 0, 22, 0, 0, 0, 1, 23
"d:\wamp\www\istakip\Projects\Panel\Resources\Themes\Default\fonts\flag-icon-css\flags\1x1\tm.svg", "XML", 0, 0, 0, 0, 324, 0, 0, 0, 1, 325
"d:\wamp\www\istakip\Projects\Panel\Resources\Themes\Default\fonts\flag-icon-css\flags\1x1\tn.svg", "XML", 0, 0, 0, 0, 22, 0, 0, 0, 1, 23
"d:\wamp\www\istakip\Projects\Panel\Resources\Themes\Default\fonts\flag-icon-css\flags\1x1\to.svg", "XML", 0, 0, 0, 0, 21, 0, 0, 0, 1, 22
"d:\wamp\www\istakip\Projects\Panel\Resources\Themes\Default\fonts\flag-icon-css\flags\1x1\tr.svg", "XML", 0, 0, 0, 0, 9, 0, 0, 0, 1, 10
"d:\wamp\www\istakip\Projects\Panel\Resources\Themes\Default\fonts\flag-icon-css\flags\1x1\tt.svg", "XML", 0, 0, 0, 0, 17, 0, 0, 0, 1, 18
"d:\wamp\www\istakip\Projects\Panel\Resources\Themes\Default\fonts\flag-icon-css\flags\1x1\tv.svg", "XML", 0, 0, 0, 0, 48, 0, 0, 0, 1, 49
"d:\wamp\www\istakip\Projects\Panel\Resources\Themes\Default\fonts\flag-icon-css\flags\1x1\tw.svg", "XML", 0, 0, 0, 0, 23, 0, 0, 0, 1, 24
"d:\wamp\www\istakip\Projects\Panel\Resources\Themes\Default\fonts\flag-icon-css\flags\1x1\tz.svg", "XML", 0, 0, 0, 0, 25, 0, 0, 0, 1, 26
"d:\wamp\www\istakip\Projects\Panel\Resources\Themes\Default\fonts\flag-icon-css\flags\1x1\ua.svg", "XML", 0, 0, 0, 0, 15, 0, 0, 0, 1, 16
"d:\wamp\www\istakip\Projects\Panel\Resources\Themes\Default\fonts\flag-icon-css\flags\1x1\ug.svg", "XML", 0, 0, 0, 0, 41, 0, 0, 0, 1, 42
"d:\wamp\www\istakip\Projects\Panel\Resources\Themes\Default\fonts\flag-icon-css\flags\1x1\um.svg", "XML", 0, 0, 0, 0, 117, 0, 0, 0, 1, 118
"d:\wamp\www\istakip\Projects\Panel\Resources\Themes\Default\fonts\flag-icon-css\flags\1x1\us.svg", "XML", 0, 0, 0, 0, 117, 0, 0, 0, 1, 118
"d:\wamp\www\istakip\Projects\Panel\Resources\Themes\Default\fonts\flag-icon-css\flags\1x1\uy.svg", "XML", 0, 0, 0, 0, 55, 0, 0, 0, 1, 56
"d:\wamp\www\istakip\Projects\Panel\Resources\Themes\Default\fonts\flag-icon-css\flags\1x1\uz.svg", "XML", 0, 0, 0, 0, 30, 0, 0, 0, 1, 31
"d:\wamp\www\istakip\Projects\Panel\Resources\Themes\Default\fonts\flag-icon-css\flags\1x1\va.svg", "XML", 0, 0, 0, 0, 500, 0, 0, 0, 1, 501
"d:\wamp\www\istakip\Projects\Panel\Resources\Themes\Default\fonts\flag-icon-css\flags\1x1\vc.svg", "XML", 0, 0, 0, 0, 21, 0, 0, 0, 1, 22
"d:\wamp\www\istakip\Projects\Panel\Resources\Themes\Default\fonts\flag-icon-css\flags\1x1\ve.svg", "XML", 0, 0, 0, 0, 29, 0, 0, 0, 1, 30
"d:\wamp\www\istakip\Projects\Panel\Resources\Themes\Default\fonts\flag-icon-css\flags\1x1\vg.svg", "XML", 0, 0, 0, 0, 246, 0, 0, 0, 1, 247
"d:\wamp\www\istakip\Projects\Panel\Resources\Themes\Default\fonts\flag-icon-css\flags\1x1\vi.svg", "XML", 0, 0, 0, 0, 32, 0, 0, 0, 1, 33
"d:\wamp\www\istakip\Projects\Panel\Resources\Themes\Default\fonts\flag-icon-css\flags\1x1\vn.svg", "XML", 0, 0, 0, 0, 20, 0, 0, 0, 1, 21
"d:\wamp\www\istakip\Projects\Panel\Resources\Themes\Default\fonts\flag-icon-css\flags\1x1\vu.svg", "XML", 0, 0, 0, 0, 27, 0, 0, 0, 1, 28
"d:\wamp\www\istakip\Projects\Panel\Resources\Themes\Default\fonts\flag-icon-css\flags\1x1\wf.svg", "XML", 0, 0, 0, 0, 16, 0, 0, 0, 1, 17
"d:\wamp\www\istakip\Projects\Panel\Resources\Themes\Default\fonts\flag-icon-css\flags\1x1\ws.svg", "XML", 0, 0, 0, 0, 22, 0, 0, 0, 1, 23
"d:\wamp\www\istakip\Projects\Panel\Resources\Themes\Default\fonts\flag-icon-css\flags\1x1\ye.svg", "XML", 0, 0, 0, 0, 16, 0, 0, 0, 1, 17
"d:\wamp\www\istakip\Projects\Panel\Resources\Themes\Default\fonts\flag-icon-css\flags\1x1\yt.svg", "XML", 0, 0, 0, 0, 16, 0, 0, 0, 1, 17
"d:\wamp\www\istakip\Projects\Panel\Resources\Themes\Default\fonts\flag-icon-css\flags\1x1\za.svg", "XML", 0, 0, 0, 0, 29, 0, 0, 0, 1, 30
"d:\wamp\www\istakip\Projects\Panel\Resources\Themes\Default\fonts\flag-icon-css\flags\1x1\zm.svg", "XML", 0, 0, 0, 0, 39, 0, 0, 0, 1, 40
"d:\wamp\www\istakip\Projects\Panel\Resources\Themes\Default\fonts\flag-icon-css\flags\1x1\zw.svg", "XML", 0, 0, 0, 0, 51, 0, 0, 0, 1, 52
"d:\wamp\www\istakip\Projects\Panel\Resources\Themes\Default\fonts\flag-icon-css\flags\1x1\zz.svg", "XML", 0, 0, 0, 0, 4, 0, 0, 0, 1, 5
"d:\wamp\www\istakip\Projects\Panel\Resources\Themes\Default\fonts\flag-icon-css\flags\4x3\ad.svg", "XML", 0, 0, 0, 0, 157, 0, 0, 0, 1, 158
"d:\wamp\www\istakip\Projects\Panel\Resources\Themes\Default\fonts\flag-icon-css\flags\4x3\ae.svg", "XML", 0, 0, 0, 0, 9, 0, 0, 0, 1, 10
"d:\wamp\www\istakip\Projects\Panel\Resources\Themes\Default\fonts\flag-icon-css\flags\4x3\af.svg", "XML", 0, 0, 0, 0, 434, 0, 0, 0, 1, 435
"d:\wamp\www\istakip\Projects\Panel\Resources\Themes\Default\fonts\flag-icon-css\flags\4x3\ag.svg", "XML", 0, 0, 0, 0, 16, 0, 0, 0, 1, 17
"d:\wamp\www\istakip\Projects\Panel\Resources\Themes\Default\fonts\flag-icon-css\flags\4x3\ai.svg", "XML", 0, 0, 0, 0, 772, 0, 0, 0, 1, 773
"d:\wamp\www\istakip\Projects\Panel\Resources\Themes\Default\fonts\flag-icon-css\flags\4x3\al.svg", "XML", 0, 0, 0, 0, 5, 0, 0, 0, 1, 6
"d:\wamp\www\istakip\Projects\Panel\Resources\Themes\Default\fonts\flag-icon-css\flags\4x3\am.svg", "XML", 0, 0, 0, 0, 6, 0, 0, 0, 1, 7
"d:\wamp\www\istakip\Projects\Panel\Resources\Themes\Default\fonts\flag-icon-css\flags\4x3\ao.svg", "XML", 0, 0, 0, 0, 14, 0, 0, 0, 1, 15
"d:\wamp\www\istakip\Projects\Panel\Resources\Themes\Default\fonts\flag-icon-css\flags\4x3\aq.svg", "XML", 0, 0, 0, 0, 7, 0, 0, 0, 1, 8
"d:\wamp\www\istakip\Projects\Panel\Resources\Themes\Default\fonts\flag-icon-css\flags\4x3\ar.svg", "XML", 0, 0, 0, 0, 144, 0, 0, 0, 1, 145
"d:\wamp\www\istakip\Projects\Panel\Resources\Themes\Default\fonts\flag-icon-css\flags\4x3\as.svg", "XML", 0, 0, 0, 0, 34, 0, 0, 0, 1, 35
"d:\wamp\www\istakip\Projects\Panel\Resources\Themes\Default\fonts\flag-icon-css\flags\4x3\at.svg", "XML", 0, 0, 0, 0, 7, 0, 0, 0, 1, 8
"d:\wamp\www\istakip\Projects\Panel\Resources\Themes\Default\fonts\flag-icon-css\flags\4x3\au.svg", "XML", 0, 0, 0, 0, 12, 0, 0, 0, 1, 13
"d:\wamp\www\istakip\Projects\Panel\Resources\Themes\Default\fonts\flag-icon-css\flags\4x3\aw.svg", "XML", 0, 0, 0, 0, 187, 0, 0, 0, 1, 188
"d:\wamp\www\istakip\Projects\Panel\Resources\Themes\Default\fonts\flag-icon-css\flags\4x3\ax.svg", "XML", 0, 0, 0, 0, 19, 0, 0, 0, 1, 20
"d:\wamp\www\istakip\Projects\Panel\Resources\Themes\Default\fonts\flag-icon-css\flags\4x3\az.svg", "XML", 0, 0, 0, 0, 8, 0, 0, 0, 1, 9
"d:\wamp\www\istakip\Projects\Panel\Resources\Themes\Default\fonts\flag-icon-css\flags\4x3\ba.svg", "XML", 0, 0, 0, 0, 13, 0, 0, 0, 1, 14
"d:\wamp\www\istakip\Projects\Panel\Resources\Themes\Default\fonts\flag-icon-css\flags\4x3\bb.svg", "XML", 0, 0, 0, 0, 6, 0, 0, 0, 1, 7
"d:\wamp\www\istakip\Projects\Panel\Resources\Themes\Default\fonts\flag-icon-css\flags\4x3\bd.svg", "XML", 0, 0, 0, 0, 7, 0, 0, 0, 1, 8
"d:\wamp\www\istakip\Projects\Panel\Resources\Themes\Default\fonts\flag-icon-css\flags\4x3\be.svg", "XML", 0, 0, 0, 0, 8, 0, 0, 0, 1, 9
"d:\wamp\www\istakip\Projects\Panel\Resources\Themes\Default\fonts\flag-icon-css\flags\4x3\bf.svg", "XML", 0, 0, 0, 0, 8, 0, 0, 0, 1, 9
"d:\wamp\www\istakip\Projects\Panel\Resources\Themes\Default\fonts\flag-icon-css\flags\4x3\bg.svg", "XML", 0, 0, 0, 0, 8, 0, 0, 0, 1, 9
"d:\wamp\www\istakip\Projects\Panel\Resources\Themes\Default\fonts\flag-icon-css\flags\4x3\bh.svg", "XML", 0, 0, 0, 0, 12, 0, 0, 0, 1, 13
"d:\wamp\www\istakip\Projects\Panel\Resources\Themes\Default\fonts\flag-icon-css\flags\4x3\bi.svg", "XML", 0, 0, 0, 0, 16, 0, 0, 0, 1, 17
"d:\wamp\www\istakip\Projects\Panel\Resources\Themes\Default\fonts\flag-icon-css\flags\4x3\bj.svg", "XML", 0, 0, 0, 0, 15, 0, 0, 0, 1, 16
"d:\wamp\www\istakip\Projects\Panel\Resources\Themes\Default\fonts\flag-icon-css\flags\4x3\bl.svg", "XML", 0, 0, 0, 0, 8, 0, 0, 0, 1, 9
"d:\wamp\www\istakip\Projects\Panel\Resources\Themes\Default\fonts\flag-icon-css\flags\4x3\bm.svg", "XML", 0, 0, 0, 0, 102, 0, 0, 0, 1, 103
"d:\wamp\www\istakip\Projects\Panel\Resources\Themes\Default\fonts\flag-icon-css\flags\4x3\bn.svg", "XML", 0, 0, 0, 0, 76, 0, 0, 0, 1, 77
"d:\wamp\www\istakip\Projects\Panel\Resources\Themes\Default\fonts\flag-icon-css\flags\4x3\bo.svg", "XML", 0, 0, 0, 0, 8, 0, 0, 0, 1, 9
"d:\wamp\www\istakip\Projects\Panel\Resources\Themes\Default\fonts\flag-icon-css\flags\4x3\bq.svg", "XML", 0, 0, 0, 0, 6, 0, 0, 0, 1, 7
"d:\wamp\www\istakip\Projects\Panel\Resources\Themes\Default\fonts\flag-icon-css\flags\4x3\br.svg", "XML", 0, 0, 0, 0, 46, 0, 0, 0, 1, 47
"d:\wamp\www\istakip\Projects\Panel\Resources\Themes\Default\fonts\flag-icon-css\flags\4x3\bs.svg", "XML", 0, 0, 0, 0, 14, 0, 0, 0, 1, 15
"d:\wamp\www\istakip\Projects\Panel\Resources\Themes\Default\fonts\flag-icon-css\flags\4x3\bt.svg", "XML", 0, 0, 0, 0, 125, 0, 0, 0, 1, 126
"d:\wamp\www\istakip\Projects\Panel\Resources\Themes\Default\fonts\flag-icon-css\flags\4x3\bv.svg", "XML", 0, 0, 0, 0, 14, 0, 0, 0, 1, 15
"d:\wamp\www\istakip\Projects\Panel\Resources\Themes\Default\fonts\flag-icon-css\flags\4x3\bw.svg", "XML", 0, 0, 0, 0, 8, 0, 0, 0, 1, 9
"d:\wamp\www\istakip\Projects\Panel\Resources\Themes\Default\fonts\flag-icon-css\flags\4x3\by.svg", "XML", 0, 0, 0, 0, 63, 0, 0, 0, 1, 64
"d:\wamp\www\istakip\Projects\Panel\Resources\Themes\Default\fonts\flag-icon-css\flags\4x3\bz.svg", "XML", 0, 0, 0, 0, 238, 0, 0, 0, 1, 239
"d:\wamp\www\istakip\Projects\Panel\Resources\Themes\Default\fonts\flag-icon-css\flags\4x3\ca.svg", "XML", 0, 0, 0, 0, 12, 0, 0, 0, 1, 13
"d:\wamp\www\istakip\Projects\Panel\Resources\Themes\Default\fonts\flag-icon-css\flags\4x3\cc.svg", "XML", 0, 0, 0, 0, 19, 0, 0, 0, 1, 20
"d:\wamp\www\istakip\Projects\Panel\Resources\Themes\Default\fonts\flag-icon-css\flags\4x3\cd.svg", "XML", 0, 0, 0, 0, 6, 0, 0, 0, 1, 7
"d:\wamp\www\istakip\Projects\Panel\Resources\Themes\Default\fonts\flag-icon-css\flags\4x3\cf.svg", "XML", 0, 0, 0, 0, 16, 0, 0, 0, 1, 17
"d:\wamp\www\istakip\Projects\Panel\Resources\Themes\Default\fonts\flag-icon-css\flags\4x3\cg.svg", "XML", 0, 0, 0, 0, 13, 0, 0, 0, 1, 14
"d:\wamp\www\istakip\Projects\Panel\Resources\Themes\Default\fonts\flag-icon-css\flags\4x3\ch.svg", "XML", 0, 0, 0, 0, 10, 0, 0, 0, 1, 11
"d:\wamp\www\istakip\Projects\Panel\Resources\Themes\Default\fonts\flag-icon-css\flags\4x3\ci.svg", "XML", 0, 0, 0, 0, 8, 0, 0, 0, 1, 9
"d:\wamp\www\istakip\Projects\Panel\Resources\Themes\Default\fonts\flag-icon-css\flags\4x3\ck.svg", "XML", 0, 0, 0, 0, 12, 0, 0, 0, 1, 13
"d:\wamp\www\istakip\Projects\Panel\Resources\Themes\Default\fonts\flag-icon-css\flags\4x3\cl.svg", "XML", 0, 0, 0, 0, 14, 0, 0, 0, 1, 15
"d:\wamp\www\istakip\Projects\Panel\Resources\Themes\Default\fonts\flag-icon-css\flags\4x3\cm.svg", "XML", 0, 0, 0, 0, 15, 0, 0, 0, 1, 16
"d:\wamp\www\istakip\Projects\Panel\Resources\Themes\Default\fonts\flag-icon-css\flags\4x3\cn.svg", "XML", 0, 0, 0, 0, 20, 0, 0, 0, 1, 21
"d:\wamp\www\istakip\Projects\Panel\Resources\Themes\Default\fonts\flag-icon-css\flags\4x3\co.svg", "XML", 0, 0, 0, 0, 8, 0, 0, 0, 1, 9
"d:\wamp\www\istakip\Projects\Panel\Resources\Themes\Default\fonts\flag-icon-css\flags\4x3\cr.svg", "XML", 0, 0, 0, 0, 8, 0, 0, 0, 1, 9
"d:\wamp\www\istakip\Projects\Panel\Resources\Themes\Default\fonts\flag-icon-css\flags\4x3\cu.svg", "XML", 0, 0, 0, 0, 14, 0, 0, 0, 1, 15
"d:\wamp\www\istakip\Projects\Panel\Resources\Themes\Default\fonts\flag-icon-css\flags\4x3\cv.svg", "XML", 0, 0, 0, 0, 17, 0, 0, 0, 1, 18
"d:\wamp\www\istakip\Projects\Panel\Resources\Themes\Default\fonts\flag-icon-css\flags\4x3\cw.svg", "XML", 0, 0, 0, 0, 15, 0, 0, 0, 1, 16
"d:\wamp\www\istakip\Projects\Panel\Resources\Themes\Default\fonts\flag-icon-css\flags\4x3\cx.svg", "XML", 0, 0, 0, 0, 15, 0, 0, 0, 1, 16
"d:\wamp\www\istakip\Projects\Panel\Resources\Themes\Default\fonts\flag-icon-css\flags\4x3\cy.svg", "XML", 0, 0, 0, 0, 6, 0, 0, 0, 1, 7
"d:\wamp\www\istakip\Projects\Panel\Resources\Themes\Default\fonts\flag-icon-css\flags\4x3\cz.svg", "XML", 0, 0, 0, 0, 13, 0, 0, 0, 1, 14
"d:\wamp\www\istakip\Projects\Panel\Resources\Themes\Default\fonts\flag-icon-css\flags\4x3\de.svg", "XML", 0, 0, 0, 0, 8, 0, 0, 0, 1, 9
"d:\wamp\www\istakip\Projects\Panel\Resources\Themes\Default\fonts\flag-icon-css\flags\4x3\dj.svg", "XML", 0, 0, 0, 0, 14, 0, 0, 0, 1, 15
"d:\wamp\www\istakip\Projects\Panel\Resources\Themes\Default\fonts\flag-icon-css\flags\4x3\dk.svg", "XML", 0, 0, 0, 0, 5, 0, 0, 0, 1, 6
"d:\wamp\www\istakip\Projects\Panel\Resources\Themes\Default\fonts\flag-icon-css\flags\4x3\dm.svg", "XML", 0, 0, 0, 0, 153, 0, 0, 0, 1, 154
"d:\wamp\www\istakip\Projects\Panel\Resources\Themes\Default\fonts\flag-icon-css\flags\4x3\do.svg", "XML", 0, 0, 0, 0, 6749, 0, 0, 0, 1, 6750
"d:\wamp\www\istakip\Projects\Panel\Resources\Themes\Default\fonts\flag-icon-css\flags\4x3\dz.svg", "XML", 0, 0, 0, 0, 5, 0, 0, 0, 1, 6
"d:\wamp\www\istakip\Projects\Panel\Resources\Themes\Default\fonts\flag-icon-css\flags\4x3\ec.svg", "XML", 0, 0, 0, 0, 146, 0, 0, 0, 1, 147
"d:\wamp\www\istakip\Projects\Panel\Resources\Themes\Default\fonts\flag-icon-css\flags\4x3\ee.svg", "XML", 0, 0, 0, 0, 8, 0, 0, 0, 1, 9
"d:\wamp\www\istakip\Projects\Panel\Resources\Themes\Default\fonts\flag-icon-css\flags\4x3\eg.svg", "XML", 0, 0, 0, 0, 42, 0, 0, 0, 1, 43
"d:\wamp\www\istakip\Projects\Panel\Resources\Themes\Default\fonts\flag-icon-css\flags\4x3\eh.svg", "XML", 0, 0, 0, 0, 16, 0, 0, 0, 1, 17
"d:\wamp\www\istakip\Projects\Panel\Resources\Themes\Default\fonts\flag-icon-css\flags\4x3\er.svg", "XML", 0, 0, 0, 0, 9, 0, 0, 0, 1, 10
"d:\wamp\www\istakip\Projects\Panel\Resources\Themes\Default\fonts\flag-icon-css\flags\4x3\es.svg", "XML", 0, 0, 0, 0, 581, 0, 0, 0, 1, 582
"d:\wamp\www\istakip\Projects\Panel\Resources\Themes\Default\fonts\flag-icon-css\flags\4x3\et.svg", "XML", 0, 0, 0, 0, 15, 0, 0, 0, 1, 16
"d:\wamp\www\istakip\Projects\Panel\Resources\Themes\Default\fonts\flag-icon-css\flags\4x3\eu.svg", "XML", 0, 0, 0, 0, 28, 0, 0, 0, 1, 29
"d:\wamp\www\istakip\Projects\Panel\Resources\Themes\Default\fonts\flag-icon-css\flags\4x3\fi.svg", "XML", 0, 0, 0, 0, 16, 0, 0, 0, 1, 17
"d:\wamp\www\istakip\Projects\Panel\Resources\Themes\Default\fonts\flag-icon-css\flags\4x3\fj.svg", "XML", 0, 0, 0, 0, 139, 0, 0, 0, 1, 140
"d:\wamp\www\istakip\Projects\Panel\Resources\Themes\Default\fonts\flag-icon-css\flags\4x3\fk.svg", "XML", 0, 0, 0, 0, 93, 0, 0, 0, 1, 94
"d:\wamp\www\istakip\Projects\Panel\Resources\Themes\Default\fonts\flag-icon-css\flags\4x3\fm.svg", "XML", 0, 0, 0, 0, 12, 0, 0, 0, 1, 13
"d:\wamp\www\istakip\Projects\Panel\Resources\Themes\Default\fonts\flag-icon-css\flags\4x3\fo.svg", "XML", 0, 0, 0, 0, 13, 0, 0, 0, 1, 14
"d:\wamp\www\istakip\Projects\Panel\Resources\Themes\Default\fonts\flag-icon-css\flags\4x3\fr.svg", "XML", 0, 0, 0, 0, 8, 0, 0, 0, 1, 9
"d:\wamp\www\istakip\Projects\Panel\Resources\Themes\Default\fonts\flag-icon-css\flags\4x3\ga.svg", "XML", 0, 0, 0, 0, 8, 0, 0, 0, 1, 9
"d:\wamp\www\istakip\Projects\Panel\Resources\Themes\Default\fonts\flag-icon-css\flags\4x3\gb-eng.svg", "XML", 0, 0, 0, 0, 5, 0, 0, 0, 1, 6
"d:\wamp\www\istakip\Projects\Panel\Resources\Themes\Default\fonts\flag-icon-css\flags\4x3\gb-sct.svg", "XML", 0, 0, 0, 0, 4, 0, 0, 0, 1, 5
"d:\wamp\www\istakip\Projects\Panel\Resources\Themes\Default\fonts\flag-icon-css\flags\4x3\gb-wls.svg", "XML", 0, 0, 0, 0, 9, 0, 0, 0, 1, 10
"d:\wamp\www\istakip\Projects\Panel\Resources\Themes\Default\fonts\flag-icon-css\flags\4x3\gb.svg", "XML", 0, 0, 0, 0, 16, 0, 0, 0, 1, 17
"d:\wamp\www\istakip\Projects\Panel\Resources\Themes\Default\fonts\flag-icon-css\flags\4x3\gd.svg", "XML", 0, 0, 0, 0, 14, 0, 0, 0, 1, 15
"d:\wamp\www\istakip\Projects\Panel\Resources\Themes\Default\fonts\flag-icon-css\flags\4x3\ge.svg", "XML", 0, 0, 0, 0, 19, 0, 0, 0, 1, 20
"d:\wamp\www\istakip\Projects\Panel\Resources\Themes\Default\fonts\flag-icon-css\flags\4x3\gf.svg", "XML", 0, 0, 0, 0, 5, 0, 0, 0, 1, 6
"d:\wamp\www\istakip\Projects\Panel\Resources\Themes\Default\fonts\flag-icon-css\flags\4x3\gg.svg", "XML", 0, 0, 0, 0, 19, 0, 0, 0, 1, 20
"d:\wamp\www\istakip\Projects\Panel\Resources\Themes\Default\fonts\flag-icon-css\flags\4x3\gh.svg", "XML", 0, 0, 0, 0, 6, 0, 0, 0, 1, 7
"d:\wamp\www\istakip\Projects\Panel\Resources\Themes\Default\fonts\flag-icon-css\flags\4x3\gi.svg", "XML", 0, 0, 0, 0, 33, 0, 0, 0, 1, 34
"d:\wamp\www\istakip\Projects\Panel\Resources\Themes\Default\fonts\flag-icon-css\flags\4x3\gl.svg", "XML", 0, 0, 0, 0, 13, 0, 0, 0, 1, 14
"d:\wamp\www\istakip\Projects\Panel\Resources\Themes\Default\fonts\flag-icon-css\flags\4x3\gm.svg", "XML", 0, 0, 0, 0, 15, 0, 0, 0, 1, 16
"d:\wamp\www\istakip\Projects\Panel\Resources\Themes\Default\fonts\flag-icon-css\flags\4x3\gn.svg", "XML", 0, 0, 0, 0, 8, 0, 0, 0, 1, 9
"d:\wamp\www\istakip\Projects\Panel\Resources\Themes\Default\fonts\flag-icon-css\flags\4x3\gp.svg", "XML", 0, 0, 0, 0, 8, 0, 0, 0, 1, 9
"d:\wamp\www\istakip\Projects\Panel\Resources\Themes\Default\fonts\flag-icon-css\flags\4x3\gq.svg", "XML", 0, 0, 0, 0, 37, 0, 0, 0, 1, 38
"d:\wamp\www\istakip\Projects\Panel\Resources\Themes\Default\fonts\flag-icon-css\flags\4x3\gr.svg", "XML", 0, 0, 0, 0, 23, 0, 0, 0, 1, 24
"d:\wamp\www\istakip\Projects\Panel\Resources\Themes\Default\fonts\flag-icon-css\flags\4x3\gs.svg", "XML", 0, 0, 0, 0, 210, 0, 0, 0, 1, 211
"d:\wamp\www\istakip\Projects\Panel\Resources\Themes\Default\fonts\flag-icon-css\flags\4x3\gt.svg", "XML", 0, 0, 0, 0, 216, 0, 0, 0, 1, 217
"d:\wamp\www\istakip\Projects\Panel\Resources\Themes\Default\fonts\flag-icon-css\flags\4x3\gu.svg", "XML", 0, 0, 0, 0, 40, 0, 0, 0, 1, 41
"d:\wamp\www\istakip\Projects\Panel\Resources\Themes\Default\fonts\flag-icon-css\flags\4x3\gw.svg", "XML", 0, 0, 0, 0, 14, 0, 0, 0, 1, 15
"d:\wamp\www\istakip\Projects\Panel\Resources\Themes\Default\fonts\flag-icon-css\flags\4x3\gy.svg", "XML", 0, 0, 0, 0, 10, 0, 0, 0, 1, 11
"d:\wamp\www\istakip\Projects\Panel\Resources\Themes\Default\fonts\flag-icon-css\flags\4x3\hk.svg", "XML", 0, 0, 0, 0, 37, 0, 0, 0, 1, 38
"d:\wamp\www\istakip\Projects\Panel\Resources\Themes\Default\fonts\flag-icon-css\flags\4x3\hm.svg", "XML", 0, 0, 0, 0, 13, 0, 0, 0, 1, 14
"d:\wamp\www\istakip\Projects\Panel\Resources\Themes\Default\fonts\flag-icon-css\flags\4x3\hn.svg", "XML", 0, 0, 0, 0, 18, 0, 0, 0, 1, 19
"d:\wamp\www\istakip\Projects\Panel\Resources\Themes\Default\fonts\flag-icon-css\flags\4x3\hr.svg", "XML", 0, 0, 0, 0, 71, 0, 0, 0, 1, 72
"d:\wamp\www\istakip\Projects\Panel\Resources\Themes\Default\fonts\flag-icon-css\flags\4x3\ht.svg", "XML", 0, 0, 0, 0, 141, 0, 0, 0, 1, 142
"d:\wamp\www\istakip\Projects\Panel\Resources\Themes\Default\fonts\flag-icon-css\flags\4x3\hu.svg", "XML", 0, 0, 0, 0, 8, 0, 0, 0, 1, 9
"d:\wamp\www\istakip\Projects\Panel\Resources\Themes\Default\fonts\flag-icon-css\flags\4x3\id.svg", "XML", 0, 0, 0, 0, 7, 0, 0, 0, 1, 8
"d:\wamp\www\istakip\Projects\Panel\Resources\Themes\Default\fonts\flag-icon-css\flags\4x3\ie.svg", "XML", 0, 0, 0, 0, 8, 0, 0, 0, 1, 9
"d:\wamp\www\istakip\Projects\Panel\Resources\Themes\Default\fonts\flag-icon-css\flags\4x3\il.svg", "XML", 0, 0, 0, 0, 15, 0, 0, 0, 1, 16
"d:\wamp\www\istakip\Projects\Panel\Resources\Themes\Default\fonts\flag-icon-css\flags\4x3\im.svg", "XML", 0, 0, 0, 0, 37, 0, 0, 0, 1, 38
"d:\wamp\www\istakip\Projects\Panel\Resources\Themes\Default\fonts\flag-icon-css\flags\4x3\in.svg", "XML", 0, 0, 0, 0, 25, 0, 0, 0, 1, 26
"d:\wamp\www\istakip\Projects\Panel\Resources\Themes\Default\fonts\flag-icon-css\flags\4x3\io.svg", "XML", 0, 0, 0, 0, 186, 0, 0, 0, 1, 187
"d:\wamp\www\istakip\Projects\Panel\Resources\Themes\Default\fonts\flag-icon-css\flags\4x3\iq.svg", "XML", 0, 0, 0, 0, 10, 0, 0, 0, 1, 11
"d:\wamp\www\istakip\Projects\Panel\Resources\Themes\Default\fonts\flag-icon-css\flags\4x3\ir.svg", "XML", 0, 0, 0, 0, 521, 0, 0, 0, 1, 522
"d:\wamp\www\istakip\Projects\Panel\Resources\Themes\Default\fonts\flag-icon-css\flags\4x3\is.svg", "XML", 0, 0, 0, 0, 21, 0, 0, 0, 1, 22
"d:\wamp\www\istakip\Projects\Panel\Resources\Themes\Default\fonts\flag-icon-css\flags\4x3\it.svg", "XML", 0, 0, 0, 0, 16, 0, 0, 0, 1, 17
"d:\wamp\www\istakip\Projects\Panel\Resources\Themes\Default\fonts\flag-icon-css\flags\4x3\je.svg", "XML", 0, 0, 0, 0, 67, 0, 0, 0, 1, 68
"d:\wamp\www\istakip\Projects\Panel\Resources\Themes\Default\fonts\flag-icon-css\flags\4x3\jm.svg", "XML", 0, 0, 0, 0, 21, 0, 0, 0, 1, 22
"d:\wamp\www\istakip\Projects\Panel\Resources\Themes\Default\fonts\flag-icon-css\flags\4x3\jo.svg", "XML", 0, 0, 0, 0, 25, 0, 0, 0, 1, 26
"d:\wamp\www\istakip\Projects\Panel\Resources\Themes\Default\fonts\flag-icon-css\flags\4x3\jp.svg", "XML", 0, 0, 0, 0, 20, 0, 0, 0, 1, 21
"d:\wamp\www\istakip\Projects\Panel\Resources\Themes\Default\fonts\flag-icon-css\flags\4x3\ke.svg", "XML", 0, 0, 0, 0, 23, 0, 0, 0, 1, 24
"d:\wamp\www\istakip\Projects\Panel\Resources\Themes\Default\fonts\flag-icon-css\flags\4x3\kg.svg", "XML", 0, 0, 0, 0, 24, 0, 0, 0, 1, 25
"d:\wamp\www\istakip\Projects\Panel\Resources\Themes\Default\fonts\flag-icon-css\flags\4x3\kh.svg", "XML", 0, 0, 0, 0, 155, 0, 0, 0, 1, 156
"d:\wamp\www\istakip\Projects\Panel\Resources\Themes\Default\fonts\flag-icon-css\flags\4x3\ki.svg", "XML", 0, 0, 0, 0, 48, 0, 0, 0, 1, 49
"d:\wamp\www\istakip\Projects\Panel\Resources\Themes\Default\fonts\flag-icon-css\flags\4x3\km.svg", "XML", 0, 0, 0, 0, 28, 0, 0, 0, 1, 29
"d:\wamp\www\istakip\Projects\Panel\Resources\Themes\Default\fonts\flag-icon-css\flags\4x3\kn.svg", "XML", 0, 0, 0, 0, 24, 0, 0, 0, 1, 25
"d:\wamp\www\istakip\Projects\Panel\Resources\Themes\Default\fonts\flag-icon-css\flags\4x3\kp.svg", "XML", 0, 0, 0, 0, 24, 0, 0, 0, 1, 25
"d:\wamp\www\istakip\Projects\Panel\Resources\Themes\Default\fonts\flag-icon-css\flags\4x3\kr.svg", "XML", 0, 0, 0, 0, 41, 0, 0, 0, 1, 42
"d:\wamp\www\istakip\Projects\Panel\Resources\Themes\Default\fonts\flag-icon-css\flags\4x3\kw.svg", "XML", 0, 0, 0, 0, 22, 0, 0, 0, 1, 23
"d:\wamp\www\istakip\Projects\Panel\Resources\Themes\Default\fonts\flag-icon-css\flags\4x3\ky.svg", "XML", 0, 0, 0, 0, 122, 0, 0, 0, 1, 123
"d:\wamp\www\istakip\Projects\Panel\Resources\Themes\Default\fonts\flag-icon-css\flags\4x3\kz.svg", "XML", 0, 0, 0, 0, 66, 0, 0, 0, 1, 67
"d:\wamp\www\istakip\Projects\Panel\Resources\Themes\Default\fonts\flag-icon-css\flags\4x3\la.svg", "XML", 0, 0, 0, 0, 21, 0, 0, 0, 1, 22
"d:\wamp\www\istakip\Projects\Panel\Resources\Themes\Default\fonts\flag-icon-css\flags\4x3\lb.svg", "XML", 0, 0, 0, 0, 44, 0, 0, 0, 1, 45
"d:\wamp\www\istakip\Projects\Panel\Resources\Themes\Default\fonts\flag-icon-css\flags\4x3\lc.svg", "XML", 0, 0, 0, 0, 17, 0, 0, 0, 1, 18
"d:\wamp\www\istakip\Projects\Panel\Resources\Themes\Default\fonts\flag-icon-css\flags\4x3\li.svg", "XML", 0, 0, 0, 0, 43, 0, 0, 0, 1, 44
"d:\wamp\www\istakip\Projects\Panel\Resources\Themes\Default\fonts\flag-icon-css\flags\4x3\lk.svg", "XML", 0, 0, 0, 0, 22, 0, 0, 0, 1, 23
"d:\wamp\www\istakip\Projects\Panel\Resources\Themes\Default\fonts\flag-icon-css\flags\4x3\lr.svg", "XML", 0, 0, 0, 0, 28, 0, 0, 0, 1, 29
"d:\wamp\www\istakip\Projects\Panel\Resources\Themes\Default\fonts\flag-icon-css\flags\4x3\ls.svg", "XML", 0, 0, 0, 0, 173, 0, 0, 0, 1, 174
"d:\wamp\www\istakip\Projects\Panel\Resources\Themes\Default\fonts\flag-icon-css\flags\4x3\lt.svg", "XML", 0, 0, 0, 0, 16, 0, 0, 0, 1, 17
"d:\wamp\www\istakip\Projects\Panel\Resources\Themes\Default\fonts\flag-icon-css\flags\4x3\lu.svg", "XML", 0, 0, 0, 0, 16, 0, 0, 0, 1, 17
"d:\wamp\www\istakip\Projects\Panel\Resources\Themes\Default\fonts\flag-icon-css\flags\4x3\lv.svg", "XML", 0, 0, 0, 0, 16, 0, 0, 0, 1, 17
"d:\wamp\www\istakip\Projects\Panel\Resources\Themes\Default\fonts\flag-icon-css\flags\4x3\ly.svg", "XML", 0, 0, 0, 0, 23, 0, 0, 0, 1, 24
"d:\wamp\www\istakip\Projects\Panel\Resources\Themes\Default\fonts\flag-icon-css\flags\4x3\ma.svg", "XML", 0, 0, 0, 0, 4, 0, 0, 0, 1, 5
"d:\wamp\www\istakip\Projects\Panel\Resources\Themes\Default\fonts\flag-icon-css\flags\4x3\mc.svg", "XML", 0, 0, 0, 0, 15, 0, 0, 0, 1, 16
"d:\wamp\www\istakip\Projects\Panel\Resources\Themes\Default\fonts\flag-icon-css\flags\4x3\md.svg", "XML", 0, 0, 0, 0, 100, 0, 0, 0, 1, 101
"d:\wamp\www\istakip\Projects\Panel\Resources\Themes\Default\fonts\flag-icon-css\flags\4x3\me.svg", "XML", 0, 0, 0, 0, 4, 0, 0, 0, 1, 5
"d:\wamp\www\istakip\Projects\Panel\Resources\Themes\Default\fonts\flag-icon-css\flags\4x3\mf.svg", "XML", 0, 0, 0, 0, 16, 0, 0, 0, 1, 17
"d:\wamp\www\istakip\Projects\Panel\Resources\Themes\Default\fonts\flag-icon-css\flags\4x3\mg.svg", "XML", 0, 0, 0, 0, 16, 0, 0, 0, 1, 17
"d:\wamp\www\istakip\Projects\Panel\Resources\Themes\Default\fonts\flag-icon-css\flags\4x3\mh.svg", "XML", 0, 0, 0, 0, 19, 0, 0, 0, 1, 20
"d:\wamp\www\istakip\Projects\Panel\Resources\Themes\Default\fonts\flag-icon-css\flags\4x3\mk.svg", "XML", 0, 0, 0, 0, 5, 0, 0, 0, 1, 6
"d:\wamp\www\istakip\Projects\Panel\Resources\Themes\Default\fonts\flag-icon-css\flags\4x3\ml.svg", "XML", 0, 0, 0, 0, 16, 0, 0, 0, 1, 17
"d:\wamp\www\istakip\Projects\Panel\Resources\Themes\Default\fonts\flag-icon-css\flags\4x3\mm.svg", "XML", 0, 0, 0, 0, 146, 0, 0, 0, 1, 147
"d:\wamp\www\istakip\Projects\Panel\Resources\Themes\Default\fonts\flag-icon-css\flags\4x3\mn.svg", "XML", 0, 0, 0, 0, 16, 0, 0, 0, 1, 17
"d:\wamp\www\istakip\Projects\Panel\Resources\Themes\Default\fonts\flag-icon-css\flags\4x3\mo.svg", "XML", 0, 0, 0, 0, 9, 0, 0, 0, 1, 10
"d:\wamp\www\istakip\Projects\Panel\Resources\Themes\Default\fonts\flag-icon-css\flags\4x3\mp.svg", "XML", 0, 0, 0, 0, 267, 0, 0, 0, 1, 268
"d:\wamp\www\istakip\Projects\Panel\Resources\Themes\Default\fonts\flag-icon-css\flags\4x3\mq.svg", "XML", 0, 0, 0, 0, 16, 0, 0, 0, 1, 17
"d:\wamp\www\istakip\Projects\Panel\Resources\Themes\Default\fonts\flag-icon-css\flags\4x3\mr.svg", "XML", 0, 0, 0, 0, 13, 0, 0, 0, 1, 14
"d:\wamp\www\istakip\Projects\Panel\Resources\Themes\Default\fonts\flag-icon-css\flags\4x3\ms.svg", "XML", 0, 0, 0, 0, 75, 0, 0, 0, 1, 76
"d:\wamp\www\istakip\Projects\Panel\Resources\Themes\Default\fonts\flag-icon-css\flags\4x3\mt.svg", "XML", 0, 0, 0, 0, 81, 0, 0, 0, 1, 82
"d:\wamp\www\istakip\Projects\Panel\Resources\Themes\Default\fonts\flag-icon-css\flags\4x3\mu.svg", "XML", 0, 0, 0, 0, 17, 0, 0, 0, 1, 18
"d:\wamp\www\istakip\Projects\Panel\Resources\Themes\Default\fonts\flag-icon-css\flags\4x3\mv.svg", "XML", 0, 0, 0, 0, 19, 0, 0, 0, 1, 20
"d:\wamp\www\istakip\Projects\Panel\Resources\Themes\Default\fonts\flag-icon-css\flags\4x3\mw.svg", "XML", 0, 0, 0, 0, 54, 0, 0, 0, 1, 55
"d:\wamp\www\istakip\Projects\Panel\Resources\Themes\Default\fonts\flag-icon-css\flags\4x3\mx.svg", "XML", 0, 0, 0, 0, 348, 0, 0, 0, 1, 349
"d:\wamp\www\istakip\Projects\Panel\Resources\Themes\Default\fonts\flag-icon-css\flags\4x3\my.svg", "XML", 0, 0, 0, 0, 13, 0, 0, 0, 1, 14
"d:\wamp\www\istakip\Projects\Panel\Resources\Themes\Default\fonts\flag-icon-css\flags\4x3\mz.svg", "XML", 0, 0, 0, 0, 33, 0, 0, 0, 1, 34
"d:\wamp\www\istakip\Projects\Panel\Resources\Themes\Default\fonts\flag-icon-css\flags\4x3\na.svg", "XML", 0, 0, 0, 0, 29, 0, 0, 0, 1, 30
"d:\wamp\www\istakip\Projects\Panel\Resources\Themes\Default\fonts\flag-icon-css\flags\4x3\nc.svg", "XML", 0, 0, 0, 0, 16, 0, 0, 0, 1, 17
"d:\wamp\www\istakip\Projects\Panel\Resources\Themes\Default\fonts\flag-icon-css\flags\4x3\ne.svg", "XML", 0, 0, 0, 0, 6, 0, 0, 0, 1, 7
"d:\wamp\www\istakip\Projects\Panel\Resources\Themes\Default\fonts\flag-icon-css\flags\4x3\nf.svg", "XML", 0, 0, 0, 0, 45, 0, 0, 0, 1, 46
"d:\wamp\www\istakip\Projects\Panel\Resources\Themes\Default\fonts\flag-icon-css\flags\4x3\ng.svg", "XML", 0, 0, 0, 0, 18, 0, 0, 0, 1, 19
"d:\wamp\www\istakip\Projects\Panel\Resources\Themes\Default\fonts\flag-icon-css\flags\4x3\ni.svg", "XML", 0, 0, 0, 0, 137, 0, 0, 0, 1, 138
"d:\wamp\www\istakip\Projects\Panel\Resources\Themes\Default\fonts\flag-icon-css\flags\4x3\nl.svg", "XML", 0, 0, 0, 0, 16, 0, 0, 0, 1, 17
"d:\wamp\www\istakip\Projects\Panel\Resources\Themes\Default\fonts\flag-icon-css\flags\4x3\no.svg", "XML", 0, 0, 0, 0, 7, 0, 0, 0, 1, 8
"d:\wamp\www\istakip\Projects\Panel\Resources\Themes\Default\fonts\flag-icon-css\flags\4x3\np.svg", "XML", 0, 0, 0, 0, 26, 0, 0, 0, 1, 27
"d:\wamp\www\istakip\Projects\Panel\Resources\Themes\Default\fonts\flag-icon-css\flags\4x3\nr.svg", "XML", 0, 0, 0, 0, 21, 0, 0, 0, 1, 22
"d:\wamp\www\istakip\Projects\Panel\Resources\Themes\Default\fonts\flag-icon-css\flags\4x3\nu.svg", "XML", 0, 0, 0, 0, 39, 0, 0, 0, 1, 40
"d:\wamp\www\istakip\Projects\Panel\Resources\Themes\Default\fonts\flag-icon-css\flags\4x3\nz.svg", "XML", 0, 0, 0, 0, 42, 0, 0, 0, 1, 43
"d:\wamp\www\istakip\Projects\Panel\Resources\Themes\Default\fonts\flag-icon-css\flags\4x3\om.svg", "XML", 0, 0, 0, 0, 348, 0, 0, 0, 1, 349
"d:\wamp\www\istakip\Projects\Panel\Resources\Themes\Default\fonts\flag-icon-css\flags\4x3\pa.svg", "XML", 0, 0, 0, 0, 24, 0, 0, 0, 1, 25
"d:\wamp\www\istakip\Projects\Panel\Resources\Themes\Default\fonts\flag-icon-css\flags\4x3\pe.svg", "XML", 0, 0, 0, 0, 16, 0, 0, 0, 1, 17
"d:\wamp\www\istakip\Projects\Panel\Resources\Themes\Default\fonts\flag-icon-css\flags\4x3\pf.svg", "XML", 0, 0, 0, 0, 76, 0, 0, 0, 1, 77
"d:\wamp\www\istakip\Projects\Panel\Resources\Themes\Default\fonts\flag-icon-css\flags\4x3\pg.svg", "XML", 0, 0, 0, 0, 26, 0, 0, 0, 1, 27
"d:\wamp\www\istakip\Projects\Panel\Resources\Themes\Default\fonts\flag-icon-css\flags\4x3\ph.svg", "XML", 0, 0, 0, 0, 35, 0, 0, 0, 1, 36
"d:\wamp\www\istakip\Projects\Panel\Resources\Themes\Default\fonts\flag-icon-css\flags\4x3\pk.svg", "XML", 0, 0, 0, 0, 24, 0, 0, 0, 1, 25
"d:\wamp\www\istakip\Projects\Panel\Resources\Themes\Default\fonts\flag-icon-css\flags\4x3\pl.svg", "XML", 0, 0, 0, 0, 15, 0, 0, 0, 1, 16
"d:\wamp\www\istakip\Projects\Panel\Resources\Themes\Default\fonts\flag-icon-css\flags\4x3\pm.svg", "XML", 0, 0, 0, 0, 16, 0, 0, 0, 1, 17
"d:\wamp\www\istakip\Projects\Panel\Resources\Themes\Default\fonts\flag-icon-css\flags\4x3\pn.svg", "XML", 0, 0, 0, 0, 145, 0, 0, 0, 1, 146
"d:\wamp\www\istakip\Projects\Panel\Resources\Themes\Default\fonts\flag-icon-css\flags\4x3\pr.svg", "XML", 0, 0, 0, 0, 23, 0, 0, 0, 1, 24
"d:\wamp\www\istakip\Projects\Panel\Resources\Themes\Default\fonts\flag-icon-css\flags\4x3\ps.svg", "XML", 0, 0, 0, 0, 24, 0, 0, 0, 1, 25
"d:\wamp\www\istakip\Projects\Panel\Resources\Themes\Default\fonts\flag-icon-css\flags\4x3\pt.svg", "XML", 0, 0, 0, 0, 57, 0, 0, 0, 1, 58
"d:\wamp\www\istakip\Projects\Panel\Resources\Themes\Default\fonts\flag-icon-css\flags\4x3\pw.svg", "XML", 0, 0, 0, 0, 20, 0, 0, 0, 1, 21
"d:\wamp\www\istakip\Projects\Panel\Resources\Themes\Default\fonts\flag-icon-css\flags\4x3\py.svg", "XML", 0, 0, 0, 0, 157, 0, 0, 0, 1, 158
"d:\wamp\www\istakip\Projects\Panel\Resources\Themes\Default\fonts\flag-icon-css\flags\4x3\qa.svg", "XML", 0, 0, 0, 0, 20, 0, 0, 0, 1, 21
"d:\wamp\www\istakip\Projects\Panel\Resources\Themes\Default\fonts\flag-icon-css\flags\4x3\re.svg", "XML", 0, 0, 0, 0, 16, 0, 0, 0, 1, 17
"d:\wamp\www\istakip\Projects\Panel\Resources\Themes\Default\fonts\flag-icon-css\flags\4x3\ro.svg", "XML", 0, 0, 0, 0, 18, 0, 0, 0, 1, 19
"d:\wamp\www\istakip\Projects\Panel\Resources\Themes\Default\fonts\flag-icon-css\flags\4x3\rs.svg", "XML", 0, 0, 0, 0, 1562, 0, 0, 0, 1, 1563
"d:\wamp\www\istakip\Projects\Panel\Resources\Themes\Default\fonts\flag-icon-css\flags\4x3\ru.svg", "XML", 0, 0, 0, 0, 16, 0, 0, 0, 1, 17
"d:\wamp\www\istakip\Projects\Panel\Resources\Themes\Default\fonts\flag-icon-css\flags\4x3\rw.svg", "XML", 0, 0, 0, 0, 13, 0, 0, 0, 1, 14
"d:\wamp\www\istakip\Projects\Panel\Resources\Themes\Default\fonts\flag-icon-css\flags\4x3\sa.svg", "XML", 0, 0, 0, 0, 55, 0, 0, 0, 1, 56
"d:\wamp\www\istakip\Projects\Panel\Resources\Themes\Default\fonts\flag-icon-css\flags\4x3\sb.svg", "XML", 0, 0, 0, 0, 26, 0, 0, 0, 1, 27
"d:\wamp\www\istakip\Projects\Panel\Resources\Themes\Default\fonts\flag-icon-css\flags\4x3\sc.svg", "XML", 0, 0, 0, 0, 23, 0, 0, 0, 1, 24
"d:\wamp\www\istakip\Projects\Panel\Resources\Themes\Default\fonts\flag-icon-css\flags\4x3\sd.svg", "XML", 0, 0, 0, 0, 22, 0, 0, 0, 1, 23
"d:\wamp\www\istakip\Projects\Panel\Resources\Themes\Default\fonts\flag-icon-css\flags\4x3\se.svg", "XML", 0, 0, 0, 0, 27, 0, 0, 0, 1, 28
"d:\wamp\www\istakip\Projects\Panel\Resources\Themes\Default\fonts\flag-icon-css\flags\4x3\sg.svg", "XML", 0, 0, 0, 0, 28, 0, 0, 0, 1, 29
"d:\wamp\www\istakip\Projects\Panel\Resources\Themes\Default\fonts\flag-icon-css\flags\4x3\sh.svg", "XML", 0, 0, 0, 0, 795, 0, 0, 0, 1, 796
"d:\wamp\www\istakip\Projects\Panel\Resources\Themes\Default\fonts\flag-icon-css\flags\4x3\si.svg", "XML", 0, 0, 0, 0, 29, 0, 0, 0, 1, 30
"d:\wamp\www\istakip\Projects\Panel\Resources\Themes\Default\fonts\flag-icon-css\flags\4x3\sj.svg", "XML", 0, 0, 0, 0, 26, 0, 0, 0, 1, 27
"d:\wamp\www\istakip\Projects\Panel\Resources\Themes\Default\fonts\flag-icon-css\flags\4x3\sk.svg", "XML", 0, 0, 0, 0, 25, 0, 0, 0, 1, 26
"d:\wamp\www\istakip\Projects\Panel\Resources\Themes\Default\fonts\flag-icon-css\flags\4x3\sl.svg", "XML", 0, 0, 0, 0, 16, 0, 0, 0, 1, 17
"d:\wamp\www\istakip\Projects\Panel\Resources\Themes\Default\fonts\flag-icon-css\flags\4x3\sm.svg", "XML", 0, 0, 0, 0, 187, 0, 0, 0, 1, 188
"d:\wamp\www\istakip\Projects\Panel\Resources\Themes\Default\fonts\flag-icon-css\flags\4x3\sn.svg", "XML", 0, 0, 0, 0, 19, 0, 0, 0, 1, 20
"d:\wamp\www\istakip\Projects\Panel\Resources\Themes\Default\fonts\flag-icon-css\flags\4x3\so.svg", "XML", 0, 0, 0, 0, 20, 0, 0, 0, 1, 21
"d:\wamp\www\istakip\Projects\Panel\Resources\Themes\Default\fonts\flag-icon-css\flags\4x3\sr.svg", "XML", 0, 0, 0, 0, 6, 0, 0, 0, 1, 7
"d:\wamp\www\istakip\Projects\Panel\Resources\Themes\Default\fonts\flag-icon-css\flags\4x3\ss.svg", "XML", 0, 0, 0, 0, 21, 0, 0, 0, 1, 22
"d:\wamp\www\istakip\Projects\Panel\Resources\Themes\Default\fonts\flag-icon-css\flags\4x3\st.svg", "XML", 0, 0, 0, 0, 26, 0, 0, 0, 1, 27
"d:\wamp\www\istakip\Projects\Panel\Resources\Themes\Default\fonts\flag-icon-css\flags\4x3\sv.svg", "XML", 0, 0, 0, 0, 645, 0, 0, 0, 1, 646
"d:\wamp\www\istakip\Projects\Panel\Resources\Themes\Default\fonts\flag-icon-css\flags\4x3\sx.svg", "XML", 0, 0, 0, 0, 105, 0, 0, 0, 1, 106
"d:\wamp\www\istakip\Projects\Panel\Resources\Themes\Default\fonts\flag-icon-css\flags\4x3\sy.svg", "XML", 0, 0, 0, 0, 22, 0, 0, 0, 1, 23
"d:\wamp\www\istakip\Projects\Panel\Resources\Themes\Default\fonts\flag-icon-css\flags\4x3\sz.svg", "XML", 0, 0, 0, 0, 92, 0, 0, 0, 1, 93
"d:\wamp\www\istakip\Projects\Panel\Resources\Themes\Default\fonts\flag-icon-css\flags\4x3\tc.svg", "XML", 0, 0, 0, 0, 102, 0, 0, 0, 1, 103
"d:\wamp\www\istakip\Projects\Panel\Resources\Themes\Default\fonts\flag-icon-css\flags\4x3\td.svg", "XML", 0, 0, 0, 0, 16, 0, 0, 0, 1, 17
"d:\wamp\www\istakip\Projects\Panel\Resources\Themes\Default\fonts\flag-icon-css\flags\4x3\tf.svg", "XML", 0, 0, 0, 0, 15, 0, 0, 0, 1, 16
"d:\wamp\www\istakip\Projects\Panel\Resources\Themes\Default\fonts\flag-icon-css\flags\4x3\tg.svg", "XML", 0, 0, 0, 0, 24, 0, 0, 0, 1, 25
"d:\wamp\www\istakip\Projects\Panel\Resources\Themes\Default\fonts\flag-icon-css\flags\4x3\th.svg", "XML", 0, 0, 0, 0, 19, 0, 0, 0, 1, 20
"d:\wamp\www\istakip\Projects\Panel\Resources\Themes\Default\fonts\flag-icon-css\flags\4x3\tj.svg", "XML", 0, 0, 0, 0, 181, 0, 0, 0, 1, 182
"d:\wamp\www\istakip\Projects\Panel\Resources\Themes\Default\fonts\flag-icon-css\flags\4x3\tk.svg", "XML", 0, 0, 0, 0, 24, 0, 0, 0, 1, 25
"d:\wamp\www\istakip\Projects\Panel\Resources\Themes\Default\fonts\flag-icon-css\flags\4x3\tl.svg", "XML", 0, 0, 0, 0, 22, 0, 0, 0, 1, 23
"d:\wamp\www\istakip\Projects\Panel\Resources\Themes\Default\fonts\flag-icon-css\flags\4x3\tm.svg", "XML", 0, 0, 0, 0, 324, 0, 0, 0, 1, 325
"d:\wamp\www\istakip\Projects\Panel\Resources\Themes\Default\fonts\flag-icon-css\flags\4x3\tn.svg", "XML", 0, 0, 0, 0, 22, 0, 0, 0, 1, 23
"d:\wamp\www\istakip\Projects\Panel\Resources\Themes\Default\fonts\flag-icon-css\flags\4x3\to.svg", "XML", 0, 0, 0, 0, 21, 0, 0, 0, 1, 22
"d:\wamp\www\istakip\Projects\Panel\Resources\Themes\Default\fonts\flag-icon-css\flags\4x3\tr.svg", "XML", 0, 0, 0, 0, 9, 0, 0, 0, 1, 10
"d:\wamp\www\istakip\Projects\Panel\Resources\Themes\Default\fonts\flag-icon-css\flags\4x3\tt.svg", "XML", 0, 0, 0, 0, 17, 0, 0, 0, 1, 18
"d:\wamp\www\istakip\Projects\Panel\Resources\Themes\Default\fonts\flag-icon-css\flags\4x3\tv.svg", "XML", 0, 0, 0, 0, 48, 0, 0, 0, 1, 49
"d:\wamp\www\istakip\Projects\Panel\Resources\Themes\Default\fonts\flag-icon-css\flags\4x3\tw.svg", "XML", 0, 0, 0, 0, 23, 0, 0, 0, 1, 24
"d:\wamp\www\istakip\Projects\Panel\Resources\Themes\Default\fonts\flag-icon-css\flags\4x3\tz.svg", "XML", 0, 0, 0, 0, 23, 0, 0, 0, 1, 24
"d:\wamp\www\istakip\Projects\Panel\Resources\Themes\Default\fonts\flag-icon-css\flags\4x3\ua.svg", "XML", 0, 0, 0, 0, 15, 0, 0, 0, 1, 16
"d:\wamp\www\istakip\Projects\Panel\Resources\Themes\Default\fonts\flag-icon-css\flags\4x3\ug.svg", "XML", 0, 0, 0, 0, 41, 0, 0, 0, 1, 42
"d:\wamp\www\istakip\Projects\Panel\Resources\Themes\Default\fonts\flag-icon-css\flags\4x3\um.svg", "XML", 0, 0, 0, 0, 117, 0, 0, 0, 1, 118
"d:\wamp\www\istakip\Projects\Panel\Resources\Themes\Default\fonts\flag-icon-css\flags\4x3\us.svg", "XML", 0, 0, 0, 0, 117, 0, 0, 0, 1, 118
"d:\wamp\www\istakip\Projects\Panel\Resources\Themes\Default\fonts\flag-icon-css\flags\4x3\uy.svg", "XML", 0, 0, 0, 0, 62, 0, 0, 0, 1, 63
"d:\wamp\www\istakip\Projects\Panel\Resources\Themes\Default\fonts\flag-icon-css\flags\4x3\uz.svg", "XML", 0, 0, 0, 0, 30, 0, 0, 0, 1, 31
"d:\wamp\www\istakip\Projects\Panel\Resources\Themes\Default\fonts\flag-icon-css\flags\4x3\va.svg", "XML", 0, 0, 0, 0, 500, 0, 0, 0, 1, 501
"d:\wamp\www\istakip\Projects\Panel\Resources\Themes\Default\fonts\flag-icon-css\flags\4x3\vc.svg", "XML", 0, 0, 0, 0, 19, 0, 0, 0, 1, 20
"d:\wamp\www\istakip\Projects\Panel\Resources\Themes\Default\fonts\flag-icon-css\flags\4x3\ve.svg", "XML", 0, 0, 0, 0, 29, 0, 0, 0, 1, 30
"d:\wamp\www\istakip\Projects\Panel\Resources\Themes\Default\fonts\flag-icon-css\flags\4x3\vg.svg", "XML", 0, 0, 0, 0, 248, 0, 0, 0, 1, 249
"d:\wamp\www\istakip\Projects\Panel\Resources\Themes\Default\fonts\flag-icon-css\flags\4x3\vi.svg", "XML", 0, 0, 0, 0, 32, 0, 0, 0, 1, 33
"d:\wamp\www\istakip\Projects\Panel\Resources\Themes\Default\fonts\flag-icon-css\flags\4x3\vn.svg", "XML", 0, 0, 0, 0, 20, 0, 0, 0, 1, 21
"d:\wamp\www\istakip\Projects\Panel\Resources\Themes\Default\fonts\flag-icon-css\flags\4x3\vu.svg", "XML", 0, 0, 0, 0, 27, 0, 0, 0, 1, 28
"d:\wamp\www\istakip\Projects\Panel\Resources\Themes\Default\fonts\flag-icon-css\flags\4x3\wf.svg", "XML", 0, 0, 0, 0, 16, 0, 0, 0, 1, 17
"d:\wamp\www\istakip\Projects\Panel\Resources\Themes\Default\fonts\flag-icon-css\flags\4x3\ws.svg", "XML", 0, 0, 0, 0, 24, 0, 0, 0, 1, 25
"d:\wamp\www\istakip\Projects\Panel\Resources\Themes\Default\fonts\flag-icon-css\flags\4x3\ye.svg", "XML", 0, 0, 0, 0, 16, 0, 0, 0, 1, 17
"d:\wamp\www\istakip\Projects\Panel\Resources\Themes\Default\fonts\flag-icon-css\flags\4x3\yt.svg", "XML", 0, 0, 0, 0, 16, 0, 0, 0, 1, 17
"d:\wamp\www\istakip\Projects\Panel\Resources\Themes\Default\fonts\flag-icon-css\flags\4x3\za.svg", "XML", 0, 0, 0, 0, 27, 0, 0, 0, 1, 28
"d:\wamp\www\istakip\Projects\Panel\Resources\Themes\Default\fonts\flag-icon-css\flags\4x3\zm.svg", "XML", 0, 0, 0, 0, 39, 0, 0, 0, 1, 40
"d:\wamp\www\istakip\Projects\Panel\Resources\Themes\Default\fonts\flag-icon-css\flags\4x3\zw.svg", "XML", 0, 0, 0, 0, 51, 0, 0, 0, 1, 52
"d:\wamp\www\istakip\Projects\Panel\Resources\Themes\Default\fonts\flag-icon-css\flags\4x3\zz.svg", "XML", 0, 0, 0, 0, 5, 0, 0, 0, 1, 6
"d:\wamp\www\istakip\Projects\Panel\Resources\Themes\Default\fonts\flag-icon-css\sass\flag-icon-base.css", "CSS", 0, 0, 12, 0, 0, 0, 0, 0, 1, 13
"d:\wamp\www\istakip\Projects\Panel\Resources\Themes\Default\fonts\flag-icon-css\sass\flag-icon-base.scss", "SCSS", 0, 0, 0, 0, 0, 26, 0, 0, 3, 29
"d:\wamp\www\istakip\Projects\Panel\Resources\Themes\Default\fonts\flag-icon-css\sass\flag-icon-list.css", "CSS", 0, 0, 4, 0, 0, 0, 0, 48, 1, 53
"d:\wamp\www\istakip\Projects\Panel\Resources\Themes\Default\fonts\flag-icon-css\sass\flag-icon-list.scss", "SCSS", 0, 0, 0, 0, 0, 249, 0, 0, 1, 250
"d:\wamp\www\istakip\Projects\Panel\Resources\Themes\Default\fonts\flag-icon-css\sass\flag-icon-more.css", "CSS", 0, 0, 4, 0, 0, 0, 0, 46, 1, 51
"d:\wamp\www\istakip\Projects\Panel\Resources\Themes\Default\fonts\flag-icon-css\sass\flag-icon-more.scss", "SCSS", 0, 0, 0, 0, 0, 4, 0, 0, 1, 5
"d:\wamp\www\istakip\Projects\Panel\Resources\Themes\Default\fonts\flag-icon-css\sass\flag-icon.css", "CSS", 0, 0, 1024, 0, 0, 0, 0, 0, 254, 1278
"d:\wamp\www\istakip\Projects\Panel\Resources\Themes\Default\fonts\flag-icon-css\sass\flag-icon.scss", "SCSS", 0, 0, 0, 0, 0, 4, 0, 0, 1, 5
"d:\wamp\www\istakip\Projects\Panel\Resources\Themes\Default\fonts\flag-icon-css\sass\variables.css", "CSS", 0, 0, 0, 0, 0, 0, 0, 0, 1, 1
"d:\wamp\www\istakip\Projects\Panel\Resources\Themes\Default\fonts\flag-icon-css\sass\variables.scss", "SCSS", 0, 0, 0, 0, 0, 3, 0, 0, 1, 4
"d:\wamp\www\istakip\Projects\Panel\Resources\Themes\Default\fonts\font-awesome\css\font-awesome.css", "CSS", 0, 0, 3090, 0, 0, 0, 0, 6, 1491, 4587
"d:\wamp\www\istakip\Projects\Panel\Resources\Themes\Default\fonts\font-awesome\css\font-awesome.min.css", "CSS", 0, 0, 1, 0, 0, 0, 0, 4, 0, 5
"d:\wamp\www\istakip\Projects\Panel\Resources\Themes\Default\fonts\font-awesome\webfonts\fa-brands-400.svg", "XML", 0, 0, 0, 0, 3633, 0, 0, 4, 1, 3638
"d:\wamp\www\istakip\Projects\Panel\Resources\Themes\Default\fonts\font-awesome\webfonts\fa-regular-400.svg", "XML", 0, 0, 0, 0, 801, 0, 0, 4, 1, 806
"d:\wamp\www\istakip\Projects\Panel\Resources\Themes\Default\fonts\font-awesome\webfonts\fa-solid-900.svg", "XML", 0, 0, 0, 0, 5011, 0, 0, 4, 1, 5016
"d:\wamp\www\istakip\Projects\Panel\Resources\Themes\Default\images\icons\angular.svg", "XML", 0, 0, 0, 0, 15, 0, 0, 0, 0, 15
"d:\wamp\www\istakip\Projects\Panel\Resources\Themes\Default\images\icons\book.svg", "XML", 0, 0, 0, 0, 29, 0, 0, 0, 0, 29
"d:\wamp\www\istakip\Projects\Panel\Resources\Themes\Default\images\icons\bootstrap.svg", "XML", 0, 0, 0, 0, 18, 0, 0, 0, 0, 18
"d:\wamp\www\istakip\Projects\Panel\Resources\Themes\Default\images\icons\brush.svg", "XML", 0, 0, 0, 0, 31, 0, 0, 0, 0, 31
"d:\wamp\www\istakip\Projects\Panel\Resources\Themes\Default\images\icons\figma.svg", "XML", 0, 0, 0, 0, 19, 0, 0, 0, 0, 19
"d:\wamp\www\istakip\Projects\Panel\Resources\Themes\Default\images\icons\parachute.svg", "XML", 0, 0, 0, 0, 41, 0, 0, 0, 0, 41
"d:\wamp\www\istakip\Projects\Panel\Resources\Themes\Default\images\icons\react.svg", "XML", 0, 0, 0, 0, 20, 0, 0, 0, 0, 20
"d:\wamp\www\istakip\Projects\Panel\Resources\Themes\Default\images\icons\rocket.svg", "XML", 0, 0, 0, 0, 47, 0, 0, 0, 0, 47
"d:\wamp\www\istakip\Projects\Panel\Resources\Themes\Default\images\icons\speaker.svg", "XML", 0, 0, 0, 0, 26, 0, 0, 0, 0, 26
"d:\wamp\www\istakip\Projects\Panel\Resources\Themes\Default\images\icons\star.svg", "XML", 0, 0, 0, 0, 24, 0, 0, 0, 0, 24
"d:\wamp\www\istakip\Projects\Panel\Resources\Themes\Default\images\icons\toolbox.svg", "XML", 0, 0, 0, 0, 28, 0, 0, 0, 0, 28
"d:\wamp\www\istakip\Projects\Panel\Resources\Themes\Default\images\icons\vuejs.svg", "XML", 0, 0, 0, 0, 18, 0, 0, 0, 0, 18
"d:\wamp\www\istakip\Projects\Panel\Resources\Themes\Default\images\illustration\Pot1.svg", "XML", 0, 0, 0, 0, 20, 0, 0, 0, 0, 20
"d:\wamp\www\istakip\Projects\Panel\Resources\Themes\Default\images\illustration\Pot2.svg", "XML", 0, 0, 0, 0, 42, 0, 0, 0, 0, 42
"d:\wamp\www\istakip\Projects\Panel\Resources\Themes\Default\images\illustration\Pot3.svg", "XML", 0, 0, 0, 0, 56, 0, 0, 0, 0, 56
"d:\wamp\www\istakip\Projects\Panel\Resources\Themes\Default\images\illustration\api.svg", "XML", 0, 0, 0, 0, 145, 0, 0, 0, 0, 145
"d:\wamp\www\istakip\Projects\Panel\Resources\Themes\Default\images\illustration\badge.svg", "XML", 0, 0, 0, 0, 32, 0, 0, 0, 0, 32
"d:\wamp\www\istakip\Projects\Panel\Resources\Themes\Default\images\illustration\create-account.svg", "XML", 0, 0, 0, 0, 59, 0, 0, 0, 0, 59
"d:\wamp\www\istakip\Projects\Panel\Resources\Themes\Default\images\illustration\demand.svg", "XML", 0, 0, 0, 0, 99, 0, 0, 0, 0, 99
"d:\wamp\www\istakip\Projects\Panel\Resources\Themes\Default\images\illustration\email.svg", "XML", 0, 0, 0, 0, 140, 0, 0, 0, 0, 140
"d:\wamp\www\istakip\Projects\Panel\Resources\Themes\Default\images\illustration\faq-illustrations.svg", "XML", 0, 0, 0, 0, 65, 0, 0, 0, 0, 65
"d:\wamp\www\istakip\Projects\Panel\Resources\Themes\Default\images\illustration\marketing.svg", "XML", 0, 0, 0, 0, 172, 0, 0, 0, 0, 172
"d:\wamp\www\istakip\Projects\Panel\Resources\Themes\Default\images\illustration\personalization.svg", "XML", 0, 0, 0, 0, 105, 0, 0, 0, 0, 105
"d:\wamp\www\istakip\Projects\Panel\Resources\Themes\Default\images\illustration\pricing-Illustration.svg", "XML", 0, 0, 0, 0, 145, 0, 0, 0, 0, 145
"d:\wamp\www\istakip\Projects\Panel\Resources\Themes\Default\images\illustration\sales.svg", "XML", 0, 0, 0, 0, 159, 0, 0, 0, 0, 159
"d:\wamp\www\istakip\Projects\Panel\Resources\Themes\Default\images\illustration\two-steps-verification-illustration-dark.svg", "XML", 0, 0, 0, 0, 108, 0, 0, 0, 0, 108
"d:\wamp\www\istakip\Projects\Panel\Resources\Themes\Default\images\illustration\two-steps-verification-illustration.svg", "XML", 0, 0, 0, 0, 104, 0, 0, 0, 1, 105
"d:\wamp\www\istakip\Projects\Panel\Resources\Themes\Default\images\illustration\verify-email-illustration-dark.svg", "XML", 0, 0, 0, 0, 154, 0, 0, 0, 0, 154
"d:\wamp\www\istakip\Projects\Panel\Resources\Themes\Default\images\illustration\verify-email-illustration.svg", "XML", 0, 0, 0, 0, 149, 0, 0, 0, 1, 150
"d:\wamp\www\istakip\Projects\Panel\Resources\Themes\Default\images\pages\coming-soon-dark.svg", "XML", 0, 0, 0, 0, 265, 0, 0, 0, 1, 266
"d:\wamp\www\istakip\Projects\Panel\Resources\Themes\Default\images\pages\coming-soon.svg", "XML", 0, 0, 0, 0, 263, 0, 0, 0, 0, 263
"d:\wamp\www\istakip\Projects\Panel\Resources\Themes\Default\images\pages\error-dark.svg", "XML", 0, 0, 0, 0, 287, 0, 0, 0, 1, 288
"d:\wamp\www\istakip\Projects\Panel\Resources\Themes\Default\images\pages\error.svg", "XML", 0, 0, 0, 0, 299, 0, 0, 0, 0, 299
"d:\wamp\www\istakip\Projects\Panel\Resources\Themes\Default\images\pages\forgot-password-v2-dark.svg", "XML", 0, 0, 0, 0, 206, 0, 0, 0, 1, 207
"d:\wamp\www\istakip\Projects\Panel\Resources\Themes\Default\images\pages\forgot-password-v2.svg", "XML", 0, 0, 0, 0, 207, 0, 0, 0, 0, 207
"d:\wamp\www\istakip\Projects\Panel\Resources\Themes\Default\images\pages\login-v2-dark.svg", "XML", 0, 0, 0, 0, 551, 0, 0, 0, 1, 552
"d:\wamp\www\istakip\Projects\Panel\Resources\Themes\Default\images\pages\login-v2.svg", "XML", 0, 0, 0, 0, 558, 0, 0, 0, 0, 558
"d:\wamp\www\istakip\Projects\Panel\Resources\Themes\Default\images\pages\login\facebook.svg", "XML", 0, 0, 0, 0, 1, 0, 0, 0, 0, 1
"d:\wamp\www\istakip\Projects\Panel\Resources\Themes\Default\images\pages\login\github.svg", "XML", 0, 0, 0, 0, 1, 0, 0, 0, 0, 1
"d:\wamp\www\istakip\Projects\Panel\Resources\Themes\Default\images\pages\login\google.svg", "XML", 0, 0, 0, 0, 1, 0, 0, 0, 0, 1
"d:\wamp\www\istakip\Projects\Panel\Resources\Themes\Default\images\pages\login\twitter.svg", "XML", 0, 0, 0, 0, 1, 0, 0, 0, 0, 1
"d:\wamp\www\istakip\Projects\Panel\Resources\Themes\Default\images\pages\not-authorized-dark.svg", "XML", 0, 0, 0, 0, 206, 0, 0, 0, 1, 207
"d:\wamp\www\istakip\Projects\Panel\Resources\Themes\Default\images\pages\not-authorized.svg", "XML", 0, 0, 0, 0, 207, 0, 0, 0, 0, 207
"d:\wamp\www\istakip\Projects\Panel\Resources\Themes\Default\images\pages\register-v2-dark.svg", "XML", 0, 0, 0, 0, 340, 0, 0, 0, 1, 341
"d:\wamp\www\istakip\Projects\Panel\Resources\Themes\Default\images\pages\register-v2.svg", "XML", 0, 0, 0, 0, 351, 0, 0, 0, 0, 351
"d:\wamp\www\istakip\Projects\Panel\Resources\Themes\Default\images\pages\reset-password-v2-dark.svg", "XML", 0, 0, 0, 0, 287, 0, 0, 0, 1, 288
"d:\wamp\www\istakip\Projects\Panel\Resources\Themes\Default\images\pages\reset-password-v2.svg", "XML", 0, 0, 0, 0, 299, 0, 0, 0, 0, 299
"d:\wamp\www\istakip\Projects\Panel\Resources\Themes\Default\images\pages\under-maintenance-dark.svg", "XML", 0, 0, 0, 0, 176, 0, 0, 0, 1, 177
"d:\wamp\www\istakip\Projects\Panel\Resources\Themes\Default\images\pages\under-maintenance.svg", "XML", 0, 0, 0, 0, 178, 0, 0, 0, 0, 178
"d:\wamp\www\istakip\Projects\Panel\Resources\Themes\Default\images\svg\google.svg", "XML", 0, 0, 0, 0, 40, 0, 0, 1, 1, 42
"d:\wamp\www\istakip\Projects\Panel\Resources\Themes\Default\js\by.js", "JavaScript", 0, 155, 0, 0, 0, 0, 0, 3, 49, 207
"d:\wamp\www\istakip\Projects\Panel\Resources\Themes\Default\js\core\app-menu.js", "JavaScript", 0, 725, 0, 0, 0, 0, 0, 135, 117, 977
"d:\wamp\www\istakip\Projects\Panel\Resources\Themes\Default\js\core\app-menu.min.js", "JavaScript", 0, 1, 0, 0, 0, 0, 0, 0, 0, 1
"d:\wamp\www\istakip\Projects\Panel\Resources\Themes\Default\js\core\app.js", "JavaScript", 0, 863, 0, 0, 0, 0, 0, 137, 107, 1107
"d:\wamp\www\istakip\Projects\Panel\Resources\Themes\Default\js\core\app.min.js", "JavaScript", 0, 1, 0, 0, 0, 0, 0, 0, 0, 1
"d:\wamp\www\istakip\Projects\Panel\Resources\Themes\Default\js\scripts\cards\card-advance.js", "JavaScript", 0, 518, 0, 0, 0, 0, 0, 18, 24, 560
"d:\wamp\www\istakip\Projects\Panel\Resources\Themes\Default\js\scripts\cards\card-advance.min.js", "JavaScript", 0, 1, 0, 0, 0, 0, 0, 0, 0, 1
"d:\wamp\www\istakip\Projects\Panel\Resources\Themes\Default\js\scripts\cards\card-analytics.js", "JavaScript", 0, 741, 0, 0, 0, 0, 0, 25, 19, 785
"d:\wamp\www\istakip\Projects\Panel\Resources\Themes\Default\js\scripts\cards\card-analytics.min.js", "JavaScript", 0, 1, 0, 0, 0, 0, 0, 0, 0, 1
"d:\wamp\www\istakip\Projects\Panel\Resources\Themes\Default\js\scripts\cards\card-statistics.js", "JavaScript", 0, 650, 0, 0, 0, 0, 0, 18, 33, 701
"d:\wamp\www\istakip\Projects\Panel\Resources\Themes\Default\js\scripts\cards\card-statistics.min.js", "JavaScript", 0, 1, 0, 0, 0, 0, 0, 0, 0, 1
"d:\wamp\www\istakip\Projects\Panel\Resources\Themes\Default\js\scripts\charts\chart-apex.js", "JavaScript", 0, 871, 0, 0, 0, 0, 0, 22, 18, 911
"d:\wamp\www\istakip\Projects\Panel\Resources\Themes\Default\js\scripts\charts\chart-apex.min.js", "JavaScript", 0, 1, 0, 0, 0, 0, 0, 0, 0, 1
"d:\wamp\www\istakip\Projects\Panel\Resources\Themes\Default\js\scripts\charts\chart-chartjs.js", "JavaScript", 0, 1420, 0, 0, 0, 0, 0, 36, 33, 1489
"d:\wamp\www\istakip\Projects\Panel\Resources\Themes\Default\js\scripts\charts\chart-chartjs.min.js", "JavaScript", 0, 1, 0, 0, 0, 0, 0, 0, 0, 1
"d:\wamp\www\istakip\Projects\Panel\Resources\Themes\Default\js\scripts\components\components-accordion.js", "JavaScript", 0, 10, 0, 0, 0, 0, 0, 1, 5, 16
"d:\wamp\www\istakip\Projects\Panel\Resources\Themes\Default\js\scripts\components\components-accordion.min.js", "JavaScript", 0, 1, 0, 0, 0, 0, 0, 0, 0, 1
"d:\wamp\www\istakip\Projects\Panel\Resources\Themes\Default\js\scripts\components\components-alerts.js", "JavaScript", 0, 13, 0, 0, 0, 0, 0, 1, 4, 18
"d:\wamp\www\istakip\Projects\Panel\Resources\Themes\Default\js\scripts\components\components-alerts.min.js", "JavaScript", 0, 1, 0, 0, 0, 0, 0, 0, 0, 1
"d:\wamp\www\istakip\Projects\Panel\Resources\Themes\Default\js\scripts\components\components-bs-toast.js", "JavaScript", 0, 27, 0, 0, 0, 0, 0, 4, 10, 41
"d:\wamp\www\istakip\Projects\Panel\Resources\Themes\Default\js\scripts\components\components-bs-toast.min.js", "JavaScript", 0, 1, 0, 0, 0, 0, 0, 0, 0, 1
"d:\wamp\www\istakip\Projects\Panel\Resources\Themes\Default\js\scripts\components\components-dropdowns.js", "JavaScript", 0, 9, 0, 0, 0, 0, 0, 1, 4, 14
"d:\wamp\www\istakip\Projects\Panel\Resources\Themes\Default\js\scripts\components\components-dropdowns.min.js", "JavaScript", 0, 1, 0, 0, 0, 0, 0, 0, 0, 1
"d:\wamp\www\istakip\Projects\Panel\Resources\Themes\Default\js\scripts\components\components-modals.js", "JavaScript", 0, 39, 0, 0, 0, 0, 0, 7, 15, 61
"d:\wamp\www\istakip\Projects\Panel\Resources\Themes\Default\js\scripts\components\components-modals.min.js", "JavaScript", 0, 1, 0, 0, 0, 0, 0, 0, 0, 1
"d:\wamp\www\istakip\Projects\Panel\Resources\Themes\Default\js\scripts\components\components-navs.js", "JavaScript", 0, 7, 0, 0, 0, 0, 0, 2, 6, 15
"d:\wamp\www\istakip\Projects\Panel\Resources\Themes\Default\js\scripts\components\components-navs.min.js", "JavaScript", 0, 1, 0, 0, 0, 0, 0, 0, 0, 1
"d:\wamp\www\istakip\Projects\Panel\Resources\Themes\Default\js\scripts\components\components-popovers.js", "JavaScript", 0, 80, 0, 0, 0, 0, 0, 16, 30, 126
"d:\wamp\www\istakip\Projects\Panel\Resources\Themes\Default\js\scripts\components\components-popovers.min.js", "JavaScript", 0, 1, 0, 0, 0, 0, 0, 0, 0, 1
"d:\wamp\www\istakip\Projects\Panel\Resources\Themes\Default\js\scripts\components\components-tooltips.js", "JavaScript", 0, 74, 0, 0, 0, 0, 0, 15, 29, 118
"d:\wamp\www\istakip\Projects\Panel\Resources\Themes\Default\js\scripts\components\components-tooltips.min.js", "JavaScript", 0, 1, 0, 0, 0, 0, 0, 0, 0, 1
"d:\wamp\www\istakip\Projects\Panel\Resources\Themes\Default\js\scripts\customizer.js", "JavaScript", 0, 174, 0, 0, 0, 0, 0, 35, 19, 228
"d:\wamp\www\istakip\Projects\Panel\Resources\Themes\Default\js\scripts\customizer.min.js", "JavaScript", 0, 1, 0, 0, 0, 0, 0, 0, 0, 1
"d:\wamp\www\istakip\Projects\Panel\Resources\Themes\Default\js\scripts\documentation.js", "JavaScript", 0, 4, 0, 0, 0, 0, 0, 0, 3, 7
"d:\wamp\www\istakip\Projects\Panel\Resources\Themes\Default\js\scripts\documentation.min.js", "JavaScript", 0, 1, 0, 0, 0, 0, 0, 0, 0, 1
"d:\wamp\www\istakip\Projects\Panel\Resources\Themes\Default\js\scripts\extensions\ext-component-blockui.js", "JavaScript", 0, 461, 0, 0, 0, 0, 0, 28, 27, 516
"d:\wamp\www\istakip\Projects\Panel\Resources\Themes\Default\js\scripts\extensions\ext-component-blockui.min.js", "JavaScript", 0, 1, 0, 0, 0, 0, 0, 0, 0, 1
"d:\wamp\www\istakip\Projects\Panel\Resources\Themes\Default\js\scripts\extensions\ext-component-clipboard.js", "JavaScript", 0, 11, 0, 0, 0, 0, 0, 1, 4, 16
"d:\wamp\www\istakip\Projects\Panel\Resources\Themes\Default\js\scripts\extensions\ext-component-clipboard.min.js", "JavaScript", 0, 1, 0, 0, 0, 0, 0, 0, 0, 1
"d:\wamp\www\istakip\Projects\Panel\Resources\Themes\Default\js\scripts\extensions\ext-component-context-menu.js", "JavaScript", 0, 75, 0, 0, 0, 0, 0, 4, 7, 86
"d:\wamp\www\istakip\Projects\Panel\Resources\Themes\Default\js\scripts\extensions\ext-component-context-menu.min.js", "JavaScript", 0, 1, 0, 0, 0, 0, 0, 0, 0, 1
"d:\wamp\www\istakip\Projects\Panel\Resources\Themes\Default\js\scripts\extensions\ext-component-drag-drop.js", "JavaScript", 0, 14, 0, 0, 0, 0, 0, 4, 8, 26
"d:\wamp\www\istakip\Projects\Panel\Resources\Themes\Default\js\scripts\extensions\ext-component-drag-drop.min.js", "JavaScript", 0, 1, 0, 0, 0, 0, 0, 0, 0, 1
"d:\wamp\www\istakip\Projects\Panel\Resources\Themes\Default\js\scripts\extensions\ext-component-i18n.js", "JavaScript", 0, 28, 0, 0, 0, 0, 0, 5, 8, 41
"d:\wamp\www\istakip\Projects\Panel\Resources\Themes\Default\js\scripts\extensions\ext-component-i18n.min.js", "JavaScript", 0, 1, 0, 0, 0, 0, 0, 0, 0, 1
"d:\wamp\www\istakip\Projects\Panel\Resources\Themes\Default\js\scripts\extensions\ext-component-media-player.js", "JavaScript", 0, 13, 0, 0, 0, 0, 0, 2, 4, 19
"d:\wamp\www\istakip\Projects\Panel\Resources\Themes\Default\js\scripts\extensions\ext-component-media-player.min.js", "JavaScript", 0, 1, 0, 0, 0, 0, 0, 0, 0, 1
"d:\wamp\www\istakip\Projects\Panel\Resources\Themes\Default\js\scripts\extensions\ext-component-ratings.js", "JavaScript", 0, 123, 0, 0, 0, 0, 0, 17, 20, 160
"d:\wamp\www\istakip\Projects\Panel\Resources\Themes\Default\js\scripts\extensions\ext-component-ratings.min.js", "JavaScript", 0, 1, 0, 0, 0, 0, 0, 0, 0, 1
"d:\wamp\www\istakip\Projects\Panel\Resources\Themes\Default\js\scripts\extensions\ext-component-sliders.js", "JavaScript", 0, 266, 0, 0, 0, 0, 0, 32, 36, 334
"d:\wamp\www\istakip\Projects\Panel\Resources\Themes\Default\js\scripts\extensions\ext-component-sliders.min.js", "JavaScript", 0, 1, 0, 0, 0, 0, 0, 0, 0, 1
"d:\wamp\www\istakip\Projects\Panel\Resources\Themes\Default\js\scripts\extensions\ext-component-sweet-alerts.js", "JavaScript", 0, 468, 0, 0, 0, 0, 0, 32, 45, 545
"d:\wamp\www\istakip\Projects\Panel\Resources\Themes\Default\js\scripts\extensions\ext-component-sweet-alerts.min.js", "JavaScript", 0, 1, 0, 0, 0, 0, 0, 0, 0, 1
"d:\wamp\www\istakip\Projects\Panel\Resources\Themes\Default\js\scripts\extensions\ext-component-swiper.js", "JavaScript", 0, 255, 0, 0, 0, 0, 0, 27, 25, 307
"d:\wamp\www\istakip\Projects\Panel\Resources\Themes\Default\js\scripts\extensions\ext-component-swiper.min.js", "JavaScript", 0, 1, 0, 0, 0, 0, 0, 0, 0, 1
"d:\wamp\www\istakip\Projects\Panel\Resources\Themes\Default\js\scripts\extensions\ext-component-toastr.js", "JavaScript", 0, 161, 0, 0, 0, 0, 0, 20, 25, 206
"d:\wamp\www\istakip\Projects\Panel\Resources\Themes\Default\js\scripts\extensions\ext-component-toastr.min.js", "JavaScript", 0, 1, 0, 0, 0, 0, 0, 0, 0, 1
"d:\wamp\www\istakip\Projects\Panel\Resources\Themes\Default\js\scripts\extensions\ext-component-tour.js", "JavaScript", 0, 80, 0, 0, 0, 0, 0, 0, 7, 87
"d:\wamp\www\istakip\Projects\Panel\Resources\Themes\Default\js\scripts\extensions\ext-component-tour.min.js", "JavaScript", 0, 1, 0, 0, 0, 0, 0, 0, 0, 1
"d:\wamp\www\istakip\Projects\Panel\Resources\Themes\Default\js\scripts\extensions\ext-component-tree.js", "JavaScript", 0, 399, 0, 0, 0, 0, 0, 6, 11, 416
"d:\wamp\www\istakip\Projects\Panel\Resources\Themes\Default\js\scripts\extensions\ext-component-tree.min.js", "JavaScript", 0, 1, 0, 0, 0, 0, 0, 0, 0, 1
"d:\wamp\www\istakip\Projects\Panel\Resources\Themes\Default\js\scripts\forms\form-file-uploader.js", "JavaScript", 0, 50, 0, 0, 0, 0, 0, 12, 12, 74
"d:\wamp\www\istakip\Projects\Panel\Resources\Themes\Default\js\scripts\forms\form-file-uploader.min.js", "JavaScript", 0, 1, 0, 0, 0, 0, 0, 0, 0, 1
"d:\wamp\www\istakip\Projects\Panel\Resources\Themes\Default\js\scripts\forms\form-input-mask.js", "JavaScript", 0, 71, 0, 0, 0, 0, 0, 9, 12, 92
"d:\wamp\www\istakip\Projects\Panel\Resources\Themes\Default\js\scripts\forms\form-input-mask.min.js", "JavaScript", 0, 1, 0, 0, 0, 0, 0, 0, 0, 1
"d:\wamp\www\istakip\Projects\Panel\Resources\Themes\Default\js\scripts\forms\form-number-input.js", "JavaScript", 0, 62, 0, 0, 0, 0, 0, 5, 8, 75
"d:\wamp\www\istakip\Projects\Panel\Resources\Themes\Default\js\scripts\forms\form-number-input.min.js", "JavaScript", 0, 1, 0, 0, 0, 0, 0, 0, 0, 1
"d:\wamp\www\istakip\Projects\Panel\Resources\Themes\Default\js\scripts\forms\form-quill-editor.js", "JavaScript", 0, 91, 0, 0, 0, 0, 0, 3, 10, 104
"d:\wamp\www\istakip\Projects\Panel\Resources\Themes\Default\js\scripts\forms\form-quill-editor.min.js", "JavaScript", 0, 1, 0, 0, 0, 0, 0, 0, 0, 1
"d:\wamp\www\istakip\Projects\Panel\Resources\Themes\Default\js\scripts\forms\form-repeater.js", "JavaScript", 0, 16, 0, 0, 0, 0, 0, 2, 3, 21
"d:\wamp\www\istakip\Projects\Panel\Resources\Themes\Default\js\scripts\forms\form-repeater.min.js", "JavaScript", 0, 1, 0, 0, 0, 0, 0, 0, 0, 1
"d:\wamp\www\istakip\Projects\Panel\Resources\Themes\Default\js\scripts\forms\form-select2.js", "JavaScript", 0, 161, 0, 0, 0, 0, 0, 15, 23, 199
"d:\wamp\www\istakip\Projects\Panel\Resources\Themes\Default\js\scripts\forms\form-select2.min.js", "JavaScript", 0, 1, 0, 0, 0, 0, 0, 0, 0, 1
"d:\wamp\www\istakip\Projects\Panel\Resources\Themes\Default\js\scripts\forms\form-tooltip-valid.js", "JavaScript", 0, 11, 0, 0, 0, 0, 0, 2, 3, 16
"d:\wamp\www\istakip\Projects\Panel\Resources\Themes\Default\js\scripts\forms\form-tooltip-valid.min.js", "JavaScript", 0, 1, 0, 0, 0, 0, 0, 0, 0, 1
"d:\wamp\www\istakip\Projects\Panel\Resources\Themes\Default\js\scripts\forms\form-validation.js", "JavaScript", 0, 78, 0, 0, 0, 0, 0, 17, 7, 102
"d:\wamp\www\istakip\Projects\Panel\Resources\Themes\Default\js\scripts\forms\form-validation.min.js", "JavaScript", 0, 1, 0, 0, 0, 0, 0, 0, 0, 1
"d:\wamp\www\istakip\Projects\Panel\Resources\Themes\Default\js\scripts\forms\form-wizard.js", "JavaScript", 0, 181, 0, 0, 0, 0, 0, 14, 18, 213
"d:\wamp\www\istakip\Projects\Panel\Resources\Themes\Default\js\scripts\forms\form-wizard.min.js", "JavaScript", 0, 1, 0, 0, 0, 0, 0, 0, 0, 1
"d:\wamp\www\istakip\Projects\Panel\Resources\Themes\Default\js\scripts\forms\pickers\form-pickers.js", "JavaScript", 0, 144, 0, 0, 0, 0, 0, 38, 29, 211
"d:\wamp\www\istakip\Projects\Panel\Resources\Themes\Default\js\scripts\forms\pickers\form-pickers.min.js", "JavaScript", 0, 1, 0, 0, 0, 0, 0, 0, 0, 1
"d:\wamp\www\istakip\Projects\Panel\Resources\Themes\Default\js\scripts\gmap.js", "JavaScript", 0, 65, 0, 0, 0, 0, 0, 3, 7, 75
"d:\wamp\www\istakip\Projects\Panel\Resources\Themes\Default\js\scripts\jquery-ui.min.js", "JavaScript", 0, 8, 0, 0, 0, 0, 0, 4, 1, 13
"d:\wamp\www\istakip\Projects\Panel\Resources\Themes\Default\js\scripts\jquery.ui.touch-punch.min.js", "JavaScript", 0, 1, 0, 0, 0, 0, 0, 10, 2, 13
"d:\wamp\www\istakip\Projects\Panel\Resources\Themes\Default\js\scripts\maps\map-leaflet.js", "JavaScript", 0, 4563, 0, 0, 0, 0, 0, 14, 12, 4589
"d:\wamp\www\istakip\Projects\Panel\Resources\Themes\Default\js\scripts\maps\map-leaflet.min.js", "JavaScript", 0, 1, 0, 0, 0, 0, 0, 0, 0, 1
"d:\wamp\www\istakip\Projects\Panel\Resources\Themes\Default\js\scripts\pages\app-access-permission.js", "JavaScript", 0, 180, 0, 0, 0, 0, 0, 16, 8, 204
"d:\wamp\www\istakip\Projects\Panel\Resources\Themes\Default\js\scripts\pages\app-access-permission.min.js", "JavaScript", 0, 1, 0, 0, 0, 0, 0, 0, 0, 1
"d:\wamp\www\istakip\Projects\Panel\Resources\Themes\Default\js\scripts\pages\app-access-roles.js", "JavaScript", 0, 233, 0, 0, 0, 0, 0, 15, 9, 257
"d:\wamp\www\istakip\Projects\Panel\Resources\Themes\Default\js\scripts\pages\app-access-roles.min.js", "JavaScript", 0, 1, 0, 0, 0, 0, 0, 0, 0, 1
"d:\wamp\www\istakip\Projects\Panel\Resources\Themes\Default\js\scripts\pages\app-calendar-events.js", "JavaScript", 0, 117, 0, 0, 0, 0, 0, 5, 4, 126
"d:\wamp\www\istakip\Projects\Panel\Resources\Themes\Default\js\scripts\pages\app-calendar-events.min.js", "JavaScript", 0, 1, 0, 0, 0, 0, 0, 0, 0, 1
"d:\wamp\www\istakip\Projects\Panel\Resources\Themes\Default\js\scripts\pages\app-calendar.js", "JavaScript", 0, 363, 0, 0, 0, 0, 0, 83, 47, 493
"d:\wamp\www\istakip\Projects\Panel\Resources\Themes\Default\js\scripts\pages\app-calendar.min.js", "JavaScript", 0, 1, 0, 0, 0, 0, 0, 0, 0, 1
"d:\wamp\www\istakip\Projects\Panel\Resources\Themes\Default\js\scripts\pages\app-chat.js", "JavaScript", 0, 222, 0, 0, 0, 0, 0, 26, 27, 275
"d:\wamp\www\istakip\Projects\Panel\Resources\Themes\Default\js\scripts\pages\app-chat.min.js", "JavaScript", 0, 1, 0, 0, 0, 0, 0, 0, 0, 1
"d:\wamp\www\istakip\Projects\Panel\Resources\Themes\Default\js\scripts\pages\app-ecommerce-checkout.js", "JavaScript", 0, 86, 0, 0, 0, 0, 0, 10, 14, 110
"d:\wamp\www\istakip\Projects\Panel\Resources\Themes\Default\js\scripts\pages\app-ecommerce-checkout.min.js", "JavaScript", 0, 1, 0, 0, 0, 0, 0, 0, 0, 1
"d:\wamp\www\istakip\Projects\Panel\Resources\Themes\Default\js\scripts\pages\app-ecommerce-details.js", "JavaScript", 0, 75, 0, 0, 0, 0, 0, 5, 7, 87
"d:\wamp\www\istakip\Projects\Panel\Resources\Themes\Default\js\scripts\pages\app-ecommerce-details.min.js", "JavaScript", 0, 1, 0, 0, 0, 0, 0, 0, 0, 1
"d:\wamp\www\istakip\Projects\Panel\Resources\Themes\Default\js\scripts\pages\app-ecommerce-wishlist.js", "JavaScript", 0, 22, 0, 0, 0, 0, 0, 2, 5, 29
"d:\wamp\www\istakip\Projects\Panel\Resources\Themes\Default\js\scripts\pages\app-ecommerce-wishlist.min.js", "JavaScript", 0, 1, 0, 0, 0, 0, 0, 0, 0, 1
"d:\wamp\www\istakip\Projects\Panel\Resources\Themes\Default\js\scripts\pages\app-ecommerce.js", "JavaScript", 0, 112, 0, 0, 0, 0, 0, 10, 14, 136
"d:\wamp\www\istakip\Projects\Panel\Resources\Themes\Default\js\scripts\pages\app-ecommerce.min.js", "JavaScript", 0, 1, 0, 0, 0, 0, 0, 0, 0, 1
"d:\wamp\www\istakip\Projects\Panel\Resources\Themes\Default\js\scripts\pages\app-email.js", "JavaScript", 0, 316, 0, 0, 0, 0, 0, 35, 38, 389
"d:\wamp\www\istakip\Projects\Panel\Resources\Themes\Default\js\scripts\pages\app-email.min.js", "JavaScript", 0, 1, 0, 0, 0, 0, 0, 0, 0, 1
"d:\wamp\www\istakip\Projects\Panel\Resources\Themes\Default\js\scripts\pages\app-file-manager.js", "JavaScript", 0, 172, 0, 0, 0, 0, 0, 10, 17, 199
"d:\wamp\www\istakip\Projects\Panel\Resources\Themes\Default\js\scripts\pages\app-file-manager.min.js", "JavaScript", 0, 1, 0, 0, 0, 0, 0, 0, 0, 1
"d:\wamp\www\istakip\Projects\Panel\Resources\Themes\Default\js\scripts\pages\app-invoice-list.js", "JavaScript", 0, 288, 0, 0, 0, 0, 0, 19, 7, 314
"d:\wamp\www\istakip\Projects\Panel\Resources\Themes\Default\js\scripts\pages\app-invoice-list.min.js", "JavaScript", 0, 1, 0, 0, 0, 0, 0, 0, 0, 1
"d:\wamp\www\istakip\Projects\Panel\Resources\Themes\Default\js\scripts\pages\app-invoice-print.js", "JavaScript", 0, 4, 0, 0, 0, 0, 0, 0, 3, 7
"d:\wamp\www\istakip\Projects\Panel\Resources\Themes\Default\js\scripts\pages\app-invoice-print.min.js", "JavaScript", 0, 1, 0, 0, 0, 0, 0, 0, 0, 1
"d:\wamp\www\istakip\Projects\Panel\Resources\Themes\Default\js\scripts\pages\app-invoice.js", "JavaScript", 0, 170, 0, 0, 0, 0, 0, 10, 18, 198
"d:\wamp\www\istakip\Projects\Panel\Resources\Themes\Default\js\scripts\pages\app-invoice.min.js", "JavaScript", 0, 1, 0, 0, 0, 0, 0, 0, 0, 1
"d:\wamp\www\istakip\Projects\Panel\Resources\Themes\Default\js\scripts\pages\app-kanban.js", "JavaScript", 0, 374, 0, 0, 0, 0, 0, 25, 35, 434
"d:\wamp\www\istakip\Projects\Panel\Resources\Themes\Default\js\scripts\pages\app-kanban.min.js", "JavaScript", 0, 1, 0, 0, 0, 0, 0, 0, 0, 1
"d:\wamp\www\istakip\Projects\Panel\Resources\Themes\Default\js\scripts\pages\app-todo.js", "JavaScript", 0, 367, 0, 0, 0, 0, 0, 30, 33, 430
"d:\wamp\www\istakip\Projects\Panel\Resources\Themes\Default\js\scripts\pages\app-todo.min.js", "JavaScript", 0, 1, 0, 0, 0, 0, 0, 0, 0, 1
"d:\wamp\www\istakip\Projects\Panel\Resources\Themes\Default\js\scripts\pages\app-user-list.js", "JavaScript", 0, 365, 0, 0, 0, 0, 0, 20, 15, 400
"d:\wamp\www\istakip\Projects\Panel\Resources\Themes\Default\js\scripts\pages\app-user-list.min.js", "JavaScript", 0, 1, 0, 0, 0, 0, 0, 0, 0, 1
"d:\wamp\www\istakip\Projects\Panel\Resources\Themes\Default\js\scripts\pages\app-user-view-account.js", "JavaScript", 0, 350, 0, 0, 0, 0, 0, 27, 10, 387
"d:\wamp\www\istakip\Projects\Panel\Resources\Themes\Default\js\scripts\pages\app-user-view-account.min.js", "JavaScript", 0, 1, 0, 0, 0, 0, 0, 0, 0, 1
"d:\wamp\www\istakip\Projects\Panel\Resources\Themes\Default\js\scripts\pages\app-user-view-billing.js", "JavaScript", 0, 10, 0, 0, 0, 0, 0, 1, 3, 14
"d:\wamp\www\istakip\Projects\Panel\Resources\Themes\Default\js\scripts\pages\app-user-view-billing.min.js", "JavaScript", 0, 1, 0, 0, 0, 0, 0, 0, 0, 1
"d:\wamp\www\istakip\Projects\Panel\Resources\Themes\Default\js\scripts\pages\app-user-view-security.js", "JavaScript", 0, 31, 0, 0, 0, 0, 0, 0, 3, 34
"d:\wamp\www\istakip\Projects\Panel\Resources\Themes\Default\js\scripts\pages\app-user-view-security.min.js", "JavaScript", 0, 1, 0, 0, 0, 0, 0, 0, 0, 1
"d:\wamp\www\istakip\Projects\Panel\Resources\Themes\Default\js\scripts\pages\app-user-view.js", "JavaScript", 0, 77, 0, 0, 0, 0, 0, 4, 5, 86
"d:\wamp\www\istakip\Projects\Panel\Resources\Themes\Default\js\scripts\pages\app-user-view.min.js", "JavaScript", 0, 1, 0, 0, 0, 0, 0, 0, 0, 1
"d:\wamp\www\istakip\Projects\Panel\Resources\Themes\Default\js\scripts\pages\auth-forgot-password.js", "JavaScript", 0, 14, 0, 0, 0, 0, 0, 12, 4, 30
"d:\wamp\www\istakip\Projects\Panel\Resources\Themes\Default\js\scripts\pages\auth-forgot-password.min.js", "JavaScript", 0, 1, 0, 0, 0, 0, 0, 0, 0, 1
"d:\wamp\www\istakip\Projects\Panel\Resources\Themes\Default\js\scripts\pages\auth-login.js", "JavaScript", 0, 17, 0, 0, 0, 0, 0, 12, 4, 33
"d:\wamp\www\istakip\Projects\Panel\Resources\Themes\Default\js\scripts\pages\auth-login.min.js", "JavaScript", 0, 1, 0, 0, 0, 0, 0, 0, 0, 1
"d:\wamp\www\istakip\Projects\Panel\Resources\Themes\Default\js\scripts\pages\auth-register.js", "JavaScript", 0, 156, 0, 0, 0, 0, 0, 27, 18, 201
"d:\wamp\www\istakip\Projects\Panel\Resources\Themes\Default\js\scripts\pages\auth-register.min.js", "JavaScript", 0, 2, 0, 0, 0, 0, 0, 1, 0, 3
"d:\wamp\www\istakip\Projects\Panel\Resources\Themes\Default\js\scripts\pages\auth-reset-password.js", "JavaScript", 0, 17, 0, 0, 0, 0, 0, 12, 4, 33
"d:\wamp\www\istakip\Projects\Panel\Resources\Themes\Default\js\scripts\pages\auth-reset-password.min.js", "JavaScript", 0, 1, 0, 0, 0, 0, 0, 0, 0, 1
"d:\wamp\www\istakip\Projects\Panel\Resources\Themes\Default\js\scripts\pages\auth-two-steps.js", "JavaScript", 0, 37, 0, 0, 0, 0, 0, 3, 6, 46
"d:\wamp\www\istakip\Projects\Panel\Resources\Themes\Default\js\scripts\pages\auth-two-steps.min.js", "JavaScript", 0, 1, 0, 0, 0, 0, 0, 0, 0, 1
"d:\wamp\www\istakip\Projects\Panel\Resources\Themes\Default\js\scripts\pages\dashboard-analytics.js", "JavaScript", 0, 337, 0, 0, 0, 0, 0, 11, 14, 362
"d:\wamp\www\istakip\Projects\Panel\Resources\Themes\Default\js\scripts\pages\dashboard-analytics.min.js", "JavaScript", 0, 1, 0, 0, 0, 0, 0, 0, 0, 1
"d:\wamp\www\istakip\Projects\Panel\Resources\Themes\Default\js\scripts\pages\dashboard-ecommerce.js", "JavaScript", 0, 654, 0, 0, 0, 0, 0, 19, 19, 692
"d:\wamp\www\istakip\Projects\Panel\Resources\Themes\Default\js\scripts\pages\dashboard-ecommerce.min.js", "JavaScript", 0, 1, 0, 0, 0, 0, 0, 0, 0, 1
"d:\wamp\www\istakip\Projects\Panel\Resources\Themes\Default\js\scripts\pages\modal-add-new-address.js", "JavaScript", 0, 22, 0, 0, 0, 0, 0, 4, 5, 31
"d:\wamp\www\istakip\Projects\Panel\Resources\Themes\Default\js\scripts\pages\modal-add-new-address.min.js", "JavaScript", 0, 1, 0, 0, 0, 0, 0, 0, 0, 1
"d:\wamp\www\istakip\Projects\Panel\Resources\Themes\Default\js\scripts\pages\modal-add-new-cc.js", "JavaScript", 0, 52, 0, 0, 0, 0, 0, 6, 9, 67
"d:\wamp\www\istakip\Projects\Panel\Resources\Themes\Default\js\scripts\pages\modal-add-new-cc.min.js", "JavaScript", 0, 1, 0, 0, 0, 0, 0, 0, 0, 1
"d:\wamp\www\istakip\Projects\Panel\Resources\Themes\Default\js\scripts\pages\modal-add-permission.js", "JavaScript", 0, 16, 0, 0, 0, 0, 0, 3, 3, 22
"d:\wamp\www\istakip\Projects\Panel\Resources\Themes\Default\js\scripts\pages\modal-add-permission.min.js", "JavaScript", 0, 1, 0, 0, 0, 0, 0, 0, 0, 1
"d:\wamp\www\istakip\Projects\Panel\Resources\Themes\Default\js\scripts\pages\modal-add-role.js", "JavaScript", 0, 22, 0, 0, 0, 0, 0, 5, 4, 31
"d:\wamp\www\istakip\Projects\Panel\Resources\Themes\Default\js\scripts\pages\modal-add-role.min.js", "JavaScript", 0, 1, 0, 0, 0, 0, 0, 0, 0, 1
"d:\wamp\www\istakip\Projects\Panel\Resources\Themes\Default\js\scripts\pages\modal-create-app.js", "JavaScript", 0, 67, 0, 0, 0, 0, 0, 6, 10, 83
"d:\wamp\www\istakip\Projects\Panel\Resources\Themes\Default\js\scripts\pages\modal-create-app.min.js", "JavaScript", 0, 1, 0, 0, 0, 0, 0, 0, 0, 1
"d:\wamp\www\istakip\Projects\Panel\Resources\Themes\Default\js\scripts\pages\modal-edit-cc.js", "JavaScript", 0, 52, 0, 0, 0, 0, 0, 6, 9, 67
"d:\wamp\www\istakip\Projects\Panel\Resources\Themes\Default\js\scripts\pages\modal-edit-cc.min.js", "JavaScript", 0, 1, 0, 0, 0, 0, 0, 0, 0, 1
"d:\wamp\www\istakip\Projects\Panel\Resources\Themes\Default\js\scripts\pages\modal-edit-permission.js", "JavaScript", 0, 13, 0, 0, 0, 0, 0, 2, 2, 17
"d:\wamp\www\istakip\Projects\Panel\Resources\Themes\Default\js\scripts\pages\modal-edit-permission.min.js", "JavaScript", 0, 1, 0, 0, 0, 0, 0, 0, 0, 1
"d:\wamp\www\istakip\Projects\Panel\Resources\Themes\Default\js\scripts\pages\modal-edit-user.js", "JavaScript", 0, 45, 0, 0, 0, 0, 0, 3, 4, 52
"d:\wamp\www\istakip\Projects\Panel\Resources\Themes\Default\js\scripts\pages\modal-edit-user.min.js", "JavaScript", 0, 1, 0, 0, 0, 0, 0, 0, 0, 1
"d:\wamp\www\istakip\Projects\Panel\Resources\Themes\Default\js\scripts\pages\modal-share-project.js", "JavaScript", 0, 38, 0, 0, 0, 0, 0, 3, 9, 50
"d:\wamp\www\istakip\Projects\Panel\Resources\Themes\Default\js\scripts\pages\modal-share-project.min.js", "JavaScript", 0, 1, 0, 0, 0, 0, 0, 0, 0, 1
"d:\wamp\www\istakip\Projects\Panel\Resources\Themes\Default\js\scripts\pages\modal-two-factor-auth.js", "JavaScript", 0, 25, 0, 0, 0, 0, 0, 4, 6, 35
"d:\wamp\www\istakip\Projects\Panel\Resources\Themes\Default\js\scripts\pages\modal-two-factor-auth.min.js", "JavaScript", 0, 1, 0, 0, 0, 0, 0, 0, 0, 1
"d:\wamp\www\istakip\Projects\Panel\Resources\Themes\Default\js\scripts\pages\page-account-settings-account.js", "JavaScript", 0, 122, 0, 0, 0, 0, 0, 10, 13, 145
"d:\wamp\www\istakip\Projects\Panel\Resources\Themes\Default\js\scripts\pages\page-account-settings-account.min.js", "JavaScript", 0, 1, 0, 0, 0, 0, 0, 0, 0, 1
"d:\wamp\www\istakip\Projects\Panel\Resources\Themes\Default\js\scripts\pages\page-account-settings-billing.js", "JavaScript", 0, 338, 0, 0, 0, 0, 0, 21, 10, 369
"d:\wamp\www\istakip\Projects\Panel\Resources\Themes\Default\js\scripts\pages\page-account-settings-billing.min.js", "JavaScript", 0, 1, 0, 0, 0, 0, 0, 0, 0, 1
"d:\wamp\www\istakip\Projects\Panel\Resources\Themes\Default\js\scripts\pages\page-account-settings-security.js", "JavaScript", 0, 61, 0, 0, 0, 0, 0, 5, 6, 72
"d:\wamp\www\istakip\Projects\Panel\Resources\Themes\Default\js\scripts\pages\page-account-settings-security.min.js", "JavaScript", 0, 1, 0, 0, 0, 0, 0, 0, 0, 1
"d:\wamp\www\istakip\Projects\Panel\Resources\Themes\Default\js\scripts\pages\page-api-key.js", "JavaScript", 0, 23, 0, 0, 0, 0, 0, 4, 5, 32
"d:\wamp\www\istakip\Projects\Panel\Resources\Themes\Default\js\scripts\pages\page-api-key.min.js", "JavaScript", 0, 1, 0, 0, 0, 0, 0, 0, 0, 1
"d:\wamp\www\istakip\Projects\Panel\Resources\Themes\Default\js\scripts\pages\page-blog-edit.js", "JavaScript", 0, 100, 0, 0, 0, 0, 0, 5, 8, 113
"d:\wamp\www\istakip\Projects\Panel\Resources\Themes\Default\js\scripts\pages\page-blog-edit.min.js", "JavaScript", 0, 1, 0, 0, 0, 0, 0, 0, 0, 1
"d:\wamp\www\istakip\Projects\Panel\Resources\Themes\Default\js\scripts\pages\page-knowledge-base.js", "JavaScript", 0, 24, 0, 0, 0, 0, 0, 3, 4, 31
"d:\wamp\www\istakip\Projects\Panel\Resources\Themes\Default\js\scripts\pages\page-knowledge-base.min.js", "JavaScript", 0, 1, 0, 0, 0, 0, 0, 0, 0, 1
"d:\wamp\www\istakip\Projects\Panel\Resources\Themes\Default\js\scripts\pages\page-pricing.js", "JavaScript", 0, 27, 0, 0, 0, 0, 0, 6, 6, 39
"d:\wamp\www\istakip\Projects\Panel\Resources\Themes\Default\js\scripts\pages\page-pricing.min.js", "JavaScript", 0, 1, 0, 0, 0, 0, 0, 0, 0, 1
"d:\wamp\www\istakip\Projects\Panel\Resources\Themes\Default\js\scripts\pages\page-profile.js", "JavaScript", 0, 26, 0, 0, 0, 0, 0, 2, 4, 32
"d:\wamp\www\istakip\Projects\Panel\Resources\Themes\Default\js\scripts\pages\page-profile.min.js", "JavaScript", 0, 1, 0, 0, 0, 0, 0, 0, 0, 1
"d:\wamp\www\istakip\Projects\Panel\Resources\Themes\Default\js\scripts\pagination\components-pagination.js", "JavaScript", 0, 63, 0, 0, 0, 0, 0, 4, 6, 73
"d:\wamp\www\istakip\Projects\Panel\Resources\Themes\Default\js\scripts\pagination\components-pagination.min.js", "JavaScript", 0, 1, 0, 0, 0, 0, 0, 0, 0, 1
"d:\wamp\www\istakip\Projects\Panel\Resources\Themes\Default\js\scripts\tables\table-datatables-advanced.js", "JavaScript", 0, 273, 0, 0, 0, 0, 0, 31, 28, 332
"d:\wamp\www\istakip\Projects\Panel\Resources\Themes\Default\js\scripts\tables\table-datatables-advanced.min.js", "JavaScript", 0, 1, 0, 0, 0, 0, 0, 0, 0, 1
"d:\wamp\www\istakip\Projects\Panel\Resources\Themes\Default\js\scripts\tables\table-datatables-basic.js", "JavaScript", 0, 616, 0, 0, 0, 0, 0, 36, 23, 675
"d:\wamp\www\istakip\Projects\Panel\Resources\Themes\Default\js\scripts\tables\table-datatables-basic.min.js", "JavaScript", 0, 1, 0, 0, 0, 0, 0, 0, 0, 1
"d:\wamp\www\istakip\Projects\Panel\Resources\Themes\Default\js\scripts\ui\ui-feather.js", "JavaScript", 0, 57, 0, 0, 0, 0, 0, 5, 8, 70
"d:\wamp\www\istakip\Projects\Panel\Resources\Themes\Default\js\scripts\ui\ui-feather.min.js", "JavaScript", 0, 1, 0, 0, 0, 0, 0, 0, 0, 1
"d:\wamp\www\istakip\Projects\Panel\Resources\Themes\Default\plugins\summernote\lang\summernote-ar-AR.js", "JavaScript", 0, 241, 0, 0, 0, 0, 0, 29, 4, 274
"d:\wamp\www\istakip\Projects\Panel\Resources\Themes\Default\plugins\summernote\lang\summernote-ar-AR.min.js", "JavaScript", 0, 1, 0, 0, 0, 0, 0, 1, 0, 2
"d:\wamp\www\istakip\Projects\Panel\Resources\Themes\Default\plugins\summernote\lang\summernote-az-AZ.js", "JavaScript", 0, 240, 0, 0, 0, 0, 0, 39, 4, 283
"d:\wamp\www\istakip\Projects\Panel\Resources\Themes\Default\plugins\summernote\lang\summernote-az-AZ.min.js", "JavaScript", 0, 1, 0, 0, 0, 0, 0, 1, 0, 2
"d:\wamp\www\istakip\Projects\Panel\Resources\Themes\Default\plugins\summernote\lang\summernote-bg-BG.js", "JavaScript", 0, 241, 0, 0, 0, 0, 0, 29, 4, 274
"d:\wamp\www\istakip\Projects\Panel\Resources\Themes\Default\plugins\summernote\lang\summernote-bg-BG.min.js", "JavaScript", 0, 1, 0, 0, 0, 0, 0, 1, 0, 2
"d:\wamp\www\istakip\Projects\Panel\Resources\Themes\Default\plugins\summernote\lang\summernote-ca-ES.js", "JavaScript", 0, 240, 0, 0, 0, 0, 0, 29, 4, 273
"d:\wamp\www\istakip\Projects\Panel\Resources\Themes\Default\plugins\summernote\lang\summernote-ca-ES.min.js", "JavaScript", 0, 1, 0, 0, 0, 0, 0, 1, 0, 2
"d:\wamp\www\istakip\Projects\Panel\Resources\Themes\Default\plugins\summernote\lang\summernote-cs-CZ.js", "JavaScript", 0, 235, 0, 0, 0, 0, 0, 29, 4, 268
"d:\wamp\www\istakip\Projects\Panel\Resources\Themes\Default\plugins\summernote\lang\summernote-cs-CZ.min.js", "JavaScript", 0, 1, 0, 0, 0, 0, 0, 1, 0, 2
"d:\wamp\www\istakip\Projects\Panel\Resources\Themes\Default\plugins\summernote\lang\summernote-da-DK.js", "JavaScript", 0, 240, 0, 0, 0, 0, 0, 29, 4, 273
"d:\wamp\www\istakip\Projects\Panel\Resources\Themes\Default\plugins\summernote\lang\summernote-da-DK.min.js", "JavaScript", 0, 1, 0, 0, 0, 0, 0, 1, 0, 2
"d:\wamp\www\istakip\Projects\Panel\Resources\Themes\Default\plugins\summernote\lang\summernote-de-DE.js", "JavaScript", 0, 241, 0, 0, 0, 0, 0, 29, 4, 274
"d:\wamp\www\istakip\Projects\Panel\Resources\Themes\Default\plugins\summernote\lang\summernote-de-DE.min.js", "JavaScript", 0, 1, 0, 0, 0, 0, 0, 1, 0, 2
"d:\wamp\www\istakip\Projects\Panel\Resources\Themes\Default\plugins\summernote\lang\summernote-el-GR.js", "JavaScript", 0, 248, 0, 0, 0, 0, 0, 29, 4, 281
"d:\wamp\www\istakip\Projects\Panel\Resources\Themes\Default\plugins\summernote\lang\summernote-el-GR.min.js", "JavaScript", 0, 1, 0, 0, 0, 0, 0, 1, 0, 2
"d:\wamp\www\istakip\Projects\Panel\Resources\Themes\Default\plugins\summernote\lang\summernote-es-ES.js", "JavaScript", 0, 247, 0, 0, 0, 0, 0, 29, 4, 280
"d:\wamp\www\istakip\Projects\Panel\Resources\Themes\Default\plugins\summernote\lang\summernote-es-ES.min.js", "JavaScript", 0, 1, 0, 0, 0, 0, 0, 1, 0, 2
"d:\wamp\www\istakip\Projects\Panel\Resources\Themes\Default\plugins\summernote\lang\summernote-es-EU.js", "JavaScript", 0, 239, 0, 0, 0, 0, 0, 29, 4, 272
"d:\wamp\www\istakip\Projects\Panel\Resources\Themes\Default\plugins\summernote\lang\summernote-es-EU.min.js", "JavaScript", 0, 1, 0, 0, 0, 0, 0, 1, 0, 2
"d:\wamp\www\istakip\Projects\Panel\Resources\Themes\Default\plugins\summernote\lang\summernote-fa-IR.js", "JavaScript", 0, 240, 0, 0, 0, 0, 0, 29, 4, 273
"d:\wamp\www\istakip\Projects\Panel\Resources\Themes\Default\plugins\summernote\lang\summernote-fa-IR.min.js", "JavaScript", 0, 1, 0, 0, 0, 0, 0, 1, 0, 2
"d:\wamp\www\istakip\Projects\Panel\Resources\Themes\Default\plugins\summernote\lang\summernote-fi-FI.js", "JavaScript", 0, 238, 0, 0, 0, 0, 0, 29, 4, 271
"d:\wamp\www\istakip\Projects\Panel\Resources\Themes\Default\plugins\summernote\lang\summernote-fi-FI.min.js", "JavaScript", 0, 1, 0, 0, 0, 0, 0, 1, 0, 2
"d:\wamp\www\istakip\Projects\Panel\Resources\Themes\Default\plugins\summernote\lang\summernote-fr-FR.js", "JavaScript", 0, 240, 0, 0, 0, 0, 0, 29, 4, 273
"d:\wamp\www\istakip\Projects\Panel\Resources\Themes\Default\plugins\summernote\lang\summernote-fr-FR.min.js", "JavaScript", 0, 1, 0, 0, 0, 0, 0, 1, 0, 2
"d:\wamp\www\istakip\Projects\Panel\Resources\Themes\Default\plugins\summernote\lang\summernote-gl-ES.js", "JavaScript", 0, 240, 0, 0, 0, 0, 0, 29, 4, 273
"d:\wamp\www\istakip\Projects\Panel\Resources\Themes\Default\plugins\summernote\lang\summernote-gl-ES.min.js", "JavaScript", 0, 1, 0, 0, 0, 0, 0, 1, 0, 2
"d:\wamp\www\istakip\Projects\Panel\Resources\Themes\Default\plugins\summernote\lang\summernote-he-IL.js", "JavaScript", 0, 240, 0, 0, 0, 0, 0, 29, 4, 273
"d:\wamp\www\istakip\Projects\Panel\Resources\Themes\Default\plugins\summernote\lang\summernote-he-IL.min.js", "JavaScript", 0, 1, 0, 0, 0, 0, 0, 1, 0, 2
"d:\wamp\www\istakip\Projects\Panel\Resources\Themes\Default\plugins\summernote\lang\summernote-hr-HR.js", "JavaScript", 0, 240, 0, 0, 0, 0, 0, 29, 4, 273
"d:\wamp\www\istakip\Projects\Panel\Resources\Themes\Default\plugins\summernote\lang\summernote-hr-HR.min.js", "JavaScript", 0, 1, 0, 0, 0, 0, 0, 1, 0, 2
"d:\wamp\www\istakip\Projects\Panel\Resources\Themes\Default\plugins\summernote\lang\summernote-hu-HU.js", "JavaScript", 0, 240, 0, 0, 0, 0, 0, 29, 4, 273
"d:\wamp\www\istakip\Projects\Panel\Resources\Themes\Default\plugins\summernote\lang\summernote-hu-HU.min.js", "JavaScript", 0, 1, 0, 0, 0, 0, 0, 1, 0, 2
"d:\wamp\www\istakip\Projects\Panel\Resources\Themes\Default\plugins\summernote\lang\summernote-id-ID.js", "JavaScript", 0, 240, 0, 0, 0, 0, 0, 29, 4, 273
"d:\wamp\www\istakip\Projects\Panel\Resources\Themes\Default\plugins\summernote\lang\summernote-id-ID.min.js", "JavaScript", 0, 1, 0, 0, 0, 0, 0, 1, 0, 2
"d:\wamp\www\istakip\Projects\Panel\Resources\Themes\Default\plugins\summernote\lang\summernote-it-IT.js", "JavaScript", 0, 240, 0, 0, 0, 0, 0, 29, 4, 273
"d:\wamp\www\istakip\Projects\Panel\Resources\Themes\Default\plugins\summernote\lang\summernote-it-IT.min.js", "JavaScript", 0, 1, 0, 0, 0, 0, 0, 1, 0, 2
"d:\wamp\www\istakip\Projects\Panel\Resources\Themes\Default\plugins\summernote\lang\summernote-ja-JP.js", "JavaScript", 0, 240, 0, 0, 0, 0, 0, 29, 4, 273
"d:\wamp\www\istakip\Projects\Panel\Resources\Themes\Default\plugins\summernote\lang\summernote-ja-JP.min.js", "JavaScript", 0, 1, 0, 0, 0, 0, 0, 1, 0, 2
"d:\wamp\www\istakip\Projects\Panel\Resources\Themes\Default\plugins\summernote\lang\summernote-ko-KR.js", "JavaScript", 0, 242, 0, 0, 0, 0, 0, 29, 4, 275
"d:\wamp\www\istakip\Projects\Panel\Resources\Themes\Default\plugins\summernote\lang\summernote-ko-KR.min.js", "JavaScript", 0, 1, 0, 0, 0, 0, 0, 1, 0, 2
"d:\wamp\www\istakip\Projects\Panel\Resources\Themes\Default\plugins\summernote\lang\summernote-lt-LT.js", "JavaScript", 0, 240, 0, 0, 0, 0, 0, 29, 4, 273
"d:\wamp\www\istakip\Projects\Panel\Resources\Themes\Default\plugins\summernote\lang\summernote-lt-LT.min.js", "JavaScript", 0, 1, 0, 0, 0, 0, 0, 1, 0, 2
"d:\wamp\www\istakip\Projects\Panel\Resources\Themes\Default\plugins\summernote\lang\summernote-lt-LV.js", "JavaScript", 0, 240, 0, 0, 0, 0, 0, 29, 4, 273
"d:\wamp\www\istakip\Projects\Panel\Resources\Themes\Default\plugins\summernote\lang\summernote-lt-LV.min.js", "JavaScript", 0, 1, 0, 0, 0, 0, 0, 1, 0, 2
"d:\wamp\www\istakip\Projects\Panel\Resources\Themes\Default\plugins\summernote\lang\summernote-mn-MN.js", "JavaScript", 0, 240, 0, 0, 0, 0, 0, 30, 4, 274
"d:\wamp\www\istakip\Projects\Panel\Resources\Themes\Default\plugins\summernote\lang\summernote-mn-MN.min.js", "JavaScript", 0, 1, 0, 0, 0, 0, 0, 1, 0, 2
"d:\wamp\www\istakip\Projects\Panel\Resources\Themes\Default\plugins\summernote\lang\summernote-nb-NO.js", "JavaScript", 0, 239, 0, 0, 0, 0, 0, 29, 4, 272
"d:\wamp\www\istakip\Projects\Panel\Resources\Themes\Default\plugins\summernote\lang\summernote-nb-NO.min.js", "JavaScript", 0, 1, 0, 0, 0, 0, 0, 1, 0, 2
"d:\wamp\www\istakip\Projects\Panel\Resources\Themes\Default\plugins\summernote\lang\summernote-nl-NL.js", "JavaScript", 0, 240, 0, 0, 0, 0, 0, 29, 4, 273
"d:\wamp\www\istakip\Projects\Panel\Resources\Themes\Default\plugins\summernote\lang\summernote-nl-NL.min.js", "JavaScript", 0, 1, 0, 0, 0, 0, 0, 1, 0, 2
"d:\wamp\www\istakip\Projects\Panel\Resources\Themes\Default\plugins\summernote\lang\summernote-pl-PL.js", "JavaScript", 0, 240, 0, 0, 0, 0, 0, 29, 4, 273
"d:\wamp\www\istakip\Projects\Panel\Resources\Themes\Default\plugins\summernote\lang\summernote-pl-PL.min.js", "JavaScript", 0, 1, 0, 0, 0, 0, 0, 1, 0, 2
"d:\wamp\www\istakip\Projects\Panel\Resources\Themes\Default\plugins\summernote\lang\summernote-pt-BR.js", "JavaScript", 0, 241, 0, 0, 0, 0, 0, 29, 4, 274
"d:\wamp\www\istakip\Projects\Panel\Resources\Themes\Default\plugins\summernote\lang\summernote-pt-BR.min.js", "JavaScript", 0, 1, 0, 0, 0, 0, 0, 1, 0, 2
"d:\wamp\www\istakip\Projects\Panel\Resources\Themes\Default\plugins\summernote\lang\summernote-pt-PT.js", "JavaScript", 0, 240, 0, 0, 0, 0, 0, 29, 4, 273
"d:\wamp\www\istakip\Projects\Panel\Resources\Themes\Default\plugins\summernote\lang\summernote-pt-PT.min.js", "JavaScript", 0, 1, 0, 0, 0, 0, 0, 1, 0, 2
"d:\wamp\www\istakip\Projects\Panel\Resources\Themes\Default\plugins\summernote\lang\summernote-ro-RO.js", "JavaScript", 0, 240, 0, 0, 0, 0, 0, 29, 4, 273
"d:\wamp\www\istakip\Projects\Panel\Resources\Themes\Default\plugins\summernote\lang\summernote-ro-RO.min.js", "JavaScript", 0, 1, 0, 0, 0, 0, 0, 1, 0, 2
"d:\wamp\www\istakip\Projects\Panel\Resources\Themes\Default\plugins\summernote\lang\summernote-ru-RU.js", "JavaScript", 0, 240, 0, 0, 0, 0, 0, 29, 4, 273
"d:\wamp\www\istakip\Projects\Panel\Resources\Themes\Default\plugins\summernote\lang\summernote-ru-RU.min.js", "JavaScript", 0, 1, 0, 0, 0, 0, 0, 1, 0, 2
"d:\wamp\www\istakip\Projects\Panel\Resources\Themes\Default\plugins\summernote\lang\summernote-sk-SK.js", "JavaScript", 0, 238, 0, 0, 0, 0, 0, 29, 4, 271
"d:\wamp\www\istakip\Projects\Panel\Resources\Themes\Default\plugins\summernote\lang\summernote-sk-SK.min.js", "JavaScript", 0, 1, 0, 0, 0, 0, 0, 1, 0, 2
"d:\wamp\www\istakip\Projects\Panel\Resources\Themes\Default\plugins\summernote\lang\summernote-sl-SI.js", "JavaScript", 0, 240, 0, 0, 0, 0, 0, 29, 4, 273
"d:\wamp\www\istakip\Projects\Panel\Resources\Themes\Default\plugins\summernote\lang\summernote-sl-SI.min.js", "JavaScript", 0, 1, 0, 0, 0, 0, 0, 1, 0, 2
"d:\wamp\www\istakip\Projects\Panel\Resources\Themes\Default\plugins\summernote\lang\summernote-sr-RS-Latin.js", "JavaScript", 0, 240, 0, 0, 0, 0, 0, 29, 4, 273
"d:\wamp\www\istakip\Projects\Panel\Resources\Themes\Default\plugins\summernote\lang\summernote-sr-RS-Latin.min.js", "JavaScript", 0, 1, 0, 0, 0, 0, 0, 1, 0, 2
"d:\wamp\www\istakip\Projects\Panel\Resources\Themes\Default\plugins\summernote\lang\summernote-sr-RS.js", "JavaScript", 0, 240, 0, 0, 0, 0, 0, 29, 4, 273
"d:\wamp\www\istakip\Projects\Panel\Resources\Themes\Default\plugins\summernote\lang\summernote-sr-RS.min.js", "JavaScript", 0, 1, 0, 0, 0, 0, 0, 1, 0, 2
"d:\wamp\www\istakip\Projects\Panel\Resources\Themes\Default\plugins\summernote\lang\summernote-sv-SE.js", "JavaScript", 0, 240, 0, 0, 0, 0, 0, 29, 4, 273
"d:\wamp\www\istakip\Projects\Panel\Resources\Themes\Default\plugins\summernote\lang\summernote-sv-SE.min.js", "JavaScript", 0, 1, 0, 0, 0, 0, 0, 1, 0, 2
"d:\wamp\www\istakip\Projects\Panel\Resources\Themes\Default\plugins\summernote\lang\summernote-ta-IN.js", "JavaScript", 0, 240, 0, 0, 0, 0, 0, 29, 4, 273
"d:\wamp\www\istakip\Projects\Panel\Resources\Themes\Default\plugins\summernote\lang\summernote-ta-IN.min.js", "JavaScript", 0, 1, 0, 0, 0, 0, 0, 1, 0, 2
"d:\wamp\www\istakip\Projects\Panel\Resources\Themes\Default\plugins\summernote\lang\summernote-th-TH.js", "JavaScript", 0, 240, 0, 0, 0, 0, 0, 29, 4, 273
"d:\wamp\www\istakip\Projects\Panel\Resources\Themes\Default\plugins\summernote\lang\summernote-th-TH.min.js", "JavaScript", 0, 1, 0, 0, 0, 0, 0, 1, 0, 2
"d:\wamp\www\istakip\Projects\Panel\Resources\Themes\Default\plugins\summernote\lang\summernote-tr-TR.js", "JavaScript", 0, 240, 0, 0, 0, 0, 0, 29, 4, 273
"d:\wamp\www\istakip\Projects\Panel\Resources\Themes\Default\plugins\summernote\lang\summernote-tr-TR.min.js", "JavaScript", 0, 1, 0, 0, 0, 0, 0, 1, 0, 2
"d:\wamp\www\istakip\Projects\Panel\Resources\Themes\Default\plugins\summernote\lang\summernote-uk-UA.js", "JavaScript", 0, 240, 0, 0, 0, 0, 0, 29, 4, 273
"d:\wamp\www\istakip\Projects\Panel\Resources\Themes\Default\plugins\summernote\lang\summernote-uk-UA.min.js", "JavaScript", 0, 1, 0, 0, 0, 0, 0, 1, 0, 2
"d:\wamp\www\istakip\Projects\Panel\Resources\Themes\Default\plugins\summernote\lang\summernote-uz-UZ.js", "JavaScript", 0, 197, 0, 0, 0, 0, 0, 29, 4, 230
"d:\wamp\www\istakip\Projects\Panel\Resources\Themes\Default\plugins\summernote\lang\summernote-uz-UZ.min.js", "JavaScript", 0, 1, 0, 0, 0, 0, 0, 1, 0, 2
"d:\wamp\www\istakip\Projects\Panel\Resources\Themes\Default\plugins\summernote\lang\summernote-vi-VN.js", "JavaScript", 0, 240, 0, 0, 0, 0, 0, 29, 4, 273
"d:\wamp\www\istakip\Projects\Panel\Resources\Themes\Default\plugins\summernote\lang\summernote-vi-VN.min.js", "JavaScript", 0, 1, 0, 0, 0, 0, 0, 1, 0, 2
"d:\wamp\www\istakip\Projects\Panel\Resources\Themes\Default\plugins\summernote\lang\summernote-zh-CN.js", "JavaScript", 0, 240, 0, 0, 0, 0, 0, 29, 4, 273
"d:\wamp\www\istakip\Projects\Panel\Resources\Themes\Default\plugins\summernote\lang\summernote-zh-CN.min.js", "JavaScript", 0, 1, 0, 0, 0, 0, 0, 1, 0, 2
"d:\wamp\www\istakip\Projects\Panel\Resources\Themes\Default\plugins\summernote\lang\summernote-zh-TW.js", "JavaScript", 0, 240, 0, 0, 0, 0, 0, 29, 4, 273
"d:\wamp\www\istakip\Projects\Panel\Resources\Themes\Default\plugins\summernote\lang\summernote-zh-TW.min.js", "JavaScript", 0, 1, 0, 0, 0, 0, 0, 1, 0, 2
"d:\wamp\www\istakip\Projects\Panel\Resources\Themes\Default\plugins\summernote\plugin\databasic\summernote-ext-databasic.css", "CSS", 0, 0, 15, 0, 0, 0, 0, 0, 2, 17
"d:\wamp\www\istakip\Projects\Panel\Resources\Themes\Default\plugins\summernote\plugin\databasic\summernote-ext-databasic.js", "JavaScript", 0, 218, 0, 0, 0, 0, 0, 25, 49, 292
"d:\wamp\www\istakip\Projects\Panel\Resources\Themes\Default\plugins\summernote\plugin\hello\summernote-ext-hello.js", "JavaScript", 0, 52, 0, 0, 0, 0, 0, 23, 8, 83
"d:\wamp\www\istakip\Projects\Panel\Resources\Themes\Default\plugins\summernote\plugin\specialchars\summernote-ext-specialchars.js", "JavaScript", 0, 248, 0, 0, 0, 0, 0, 24, 40, 312
"d:\wamp\www\istakip\Projects\Panel\Resources\Themes\Default\plugins\summernote\summernote-bs4.css", "CSS", 0, 0, 1, 0, 0, 0, 0, 12, 1, 14
"d:\wamp\www\istakip\Projects\Panel\Resources\Themes\Default\plugins\summernote\summernote-bs4.js", "JavaScript", 0, 6985, 0, 0, 0, 0, 0, 1621, 1628, 10234
"d:\wamp\www\istakip\Projects\Panel\Resources\Themes\Default\plugins\summernote\summernote-bs4.min.css", "CSS", 0, 0, 1, 0, 0, 0, 0, 0, 0, 1
"d:\wamp\www\istakip\Projects\Panel\Resources\Themes\Default\plugins\summernote\summernote-bs4.min.js", "JavaScript", 0, 1, 0, 0, 0, 0, 0, 2, 0, 3
"d:\wamp\www\istakip\Projects\Panel\Resources\Themes\Default\plugins\summernote\summernote-lite.css", "CSS", 0, 0, 1, 0, 0, 0, 0, 12, 1, 14
"d:\wamp\www\istakip\Projects\Panel\Resources\Themes\Default\plugins\summernote\summernote-lite.js", "JavaScript", 0, 7448, 0, 0, 0, 0, 0, 1638, 1696, 10782
"d:\wamp\www\istakip\Projects\Panel\Resources\Themes\Default\plugins\summernote\summernote-lite.min.css", "CSS", 0, 0, 1, 0, 0, 0, 0, 0, 0, 1
"d:\wamp\www\istakip\Projects\Panel\Resources\Themes\Default\plugins\summernote\summernote-lite.min.js", "JavaScript", 0, 1, 0, 0, 0, 0, 0, 2, 0, 3
"d:\wamp\www\istakip\Projects\Panel\Resources\Themes\Default\plugins\summernote\summernote.css", "CSS", 0, 0, 1, 0, 0, 0, 0, 12, 1, 14
"d:\wamp\www\istakip\Projects\Panel\Resources\Themes\Default\plugins\summernote\summernote.js", "JavaScript", 0, 6979, 0, 0, 0, 0, 0, 1621, 1628, 10228
"d:\wamp\www\istakip\Projects\Panel\Resources\Themes\Default\plugins\summernote\summernote.min.css", "CSS", 0, 0, 1, 0, 0, 0, 0, 0, 0, 1
"d:\wamp\www\istakip\Projects\Panel\Resources\Themes\Default\plugins\summernote\summernote.min.js", "JavaScript", 0, 1, 0, 0, 0, 0, 0, 2, 0, 3
"d:\wamp\www\istakip\Projects\Panel\Resources\Themes\Default\style.css", "CSS", 0, 0, 4, 0, 0, 0, 0, 0, 0, 4
"d:\wamp\www\istakip\Projects\Panel\Resources\Themes\Default\vendors\css\animate\animate.css", "CSS", 0, 0, 3693, 0, 0, 0, 0, 26, 354, 4073
"d:\wamp\www\istakip\Projects\Panel\Resources\Themes\Default\vendors\css\animate\animate.min.css", "CSS", 0, 0, 2, 0, 0, 0, 0, 5, 0, 7
"d:\wamp\www\istakip\Projects\Panel\Resources\Themes\Default\vendors\css\calendars\fullcalendar.min.css", "CSS", 0, 0, 1, 0, 0, 0, 0, 5, 1, 7
"d:\wamp\www\istakip\Projects\Panel\Resources\Themes\Default\vendors\css\calendars\fullcalendar.print.css", "CSS", 0, 0, 91, 0, 0, 0, 0, 56, 30, 177
"d:\wamp\www\istakip\Projects\Panel\Resources\Themes\Default\vendors\css\charts\apexcharts.css", "CSS", 0, 0, 546, 0, 0, 0, 0, 4, 109, 659
"d:\wamp\www\istakip\Projects\Panel\Resources\Themes\Default\vendors\css\documentation.css", "CSS", 0, 0, 57, 0, 0, 0, 0, 2, 7, 66
"d:\wamp\www\istakip\Projects\Panel\Resources\Themes\Default\vendors\css\editors\quill\katex.min.css", "CSS", 0, 0, 1, 0, 0, 0, 0, 0, 0, 1
"d:\wamp\www\istakip\Projects\Panel\Resources\Themes\Default\vendors\css\editors\quill\monokai-sublime.min.css", "CSS", 0, 0, 1, 0, 0, 0, 0, 0, 0, 1
"d:\wamp\www\istakip\Projects\Panel\Resources\Themes\Default\vendors\css\editors\quill\quill.bubble.css", "CSS", 0, 0, 958, 0, 0, 0, 0, 6, 1, 965
"d:\wamp\www\istakip\Projects\Panel\Resources\Themes\Default\vendors\css\editors\quill\quill.snow.css", "CSS", 0, 0, 951, 0, 0, 0, 0, 6, 1, 958
"d:\wamp\www\istakip\Projects\Panel\Resources\Themes\Default\vendors\css\extensions\dd-icon\dd-icon.svg", "XML", 0, 0, 0, 0, 14, 0, 0, 0, 2, 16
"d:\wamp\www\istakip\Projects\Panel\Resources\Themes\Default\vendors\css\extensions\dragula.min.css", "CSS", 0, 0, 1, 0, 0, 0, 0, 0, 1, 2
"d:\wamp\www\istakip\Projects\Panel\Resources\Themes\Default\vendors\css\extensions\jquery.contextMenu.min.css", "CSS", 0, 0, 2, 0, 0, 0, 0, 14, 1, 17
"d:\wamp\www\istakip\Projects\Panel\Resources\Themes\Default\vendors\css\extensions\jquery.rateyo.min.css", "CSS", 0, 0, 1, 0, 0, 0, 0, 0, 0, 1
"d:\wamp\www\istakip\Projects\Panel\Resources\Themes\Default\vendors\css\extensions\jstree.min.css", "CSS", 0, 0, 1, 0, 0, 0, 0, 0, 1, 2
"d:\wamp\www\istakip\Projects\Panel\Resources\Themes\Default\vendors\css\extensions\nouislider.min.css", "CSS", 0, 0, 1, 0, 0, 0, 0, 1, 1, 3
"d:\wamp\www\istakip\Projects\Panel\Resources\Themes\Default\vendors\css\extensions\plyr.min.css", "CSS", 0, 0, 1, 0, 0, 0, 0, 0, 1, 2
"d:\wamp\www\istakip\Projects\Panel\Resources\Themes\Default\vendors\css\extensions\shepherd.min.css", "CSS", 0, 0, 1, 0, 0, 0, 0, 0, 1, 2
"d:\wamp\www\istakip\Projects\Panel\Resources\Themes\Default\vendors\css\extensions\sweetalert2.min.css", "CSS", 0, 0, 1, 0, 0, 0, 0, 0, 1, 2
"d:\wamp\www\istakip\Projects\Panel\Resources\Themes\Default\vendors\css\extensions\swiper.min.css", "CSS", 0, 0, 1, 0, 0, 0, 0, 11, 2, 14
"d:\wamp\www\istakip\Projects\Panel\Resources\Themes\Default\vendors\css\extensions\tether-theme-arrows.css", "CSS", 0, 0, 136, 0, 0, 0, 0, 0, 3, 139
"d:\wamp\www\istakip\Projects\Panel\Resources\Themes\Default\vendors\css\extensions\tether.min.css", "CSS", 0, 0, 1, 0, 0, 0, 0, 0, 0, 1
"d:\wamp\www\istakip\Projects\Panel\Resources\Themes\Default\vendors\css\extensions\toastr.min.css", "CSS", 0, 0, 1, 0, 0, 0, 0, 6, 1, 8
"d:\wamp\www\istakip\Projects\Panel\Resources\Themes\Default\vendors\css\feather-icons\feather-icons.min.css", "CSS", 0, 0, 6, 0, 0, 0, 0, 1, 1, 8
"d:\wamp\www\istakip\Projects\Panel\Resources\Themes\Default\vendors\css\file-uploaders\dropzone.min.css", "CSS", 0, 0, 1, 0, 0, 0, 0, 0, 1, 2
"d:\wamp\www\istakip\Projects\Panel\Resources\Themes\Default\vendors\css\flag-icons\flag-icons.min.css", "CSS", 0, 0, 1, 0, 0, 0, 0, 1, 1, 3
"d:\wamp\www\istakip\Projects\Panel\Resources\Themes\Default\vendors\css\forms\select\select2.min.css", "CSS", 0, 0, 1, 0, 0, 0, 0, 0, 0, 1
"d:\wamp\www\istakip\Projects\Panel\Resources\Themes\Default\vendors\css\forms\spinner\jquery.bootstrap-touchspin.css", "CSS", 0, 0, 23, 0, 0, 0, 0, 0, 1, 24
"d:\wamp\www\istakip\Projects\Panel\Resources\Themes\Default\vendors\css\forms\toggle\switchery.css", "CSS", 0, 0, 45, 0, 0, 0, 0, 8, 12, 65
"d:\wamp\www\istakip\Projects\Panel\Resources\Themes\Default\vendors\css\forms\toggle\switchery.min.css", "CSS", 0, 0, 1, 0, 0, 0, 0, 0, 0, 1
"d:\wamp\www\istakip\Projects\Panel\Resources\Themes\Default\vendors\css\forms\wizard\bs-stepper.min.css", "CSS", 0, 0, 1, 0, 0, 0, 0, 5, 0, 6
"d:\wamp\www\istakip\Projects\Panel\Resources\Themes\Default\vendors\css\jkanban\jkanban.min.css", "CSS", 0, 0, 1, 0, 0, 0, 0, 1, 1, 3
"d:\wamp\www\istakip\Projects\Panel\Resources\Themes\Default\vendors\css\maps\leaflet.min.css", "CSS", 0, 0, 580, 0, 0, 0, 0, 0, 1, 581
"d:\wamp\www\istakip\Projects\Panel\Resources\Themes\Default\vendors\css\modal\facebook.css", "CSS", 0, 0, 106, 0, 0, 0, 0, 0, 6, 112
"d:\wamp\www\istakip\Projects\Panel\Resources\Themes\Default\vendors\css\modal\google.css", "CSS", 0, 0, 110, 0, 0, 0, 0, 0, 6, 116
"d:\wamp\www\istakip\Projects\Panel\Resources\Themes\Default\vendors\css\modal\twitter.css", "CSS", 0, 0, 135, 0, 0, 0, 0, 0, 6, 141
"d:\wamp\www\istakip\Projects\Panel\Resources\Themes\Default\vendors\css\pace\pace.min.css", "CSS", 0, 0, 1, 0, 0, 0, 0, 5, 1, 7
"d:\wamp\www\istakip\Projects\Panel\Resources\Themes\Default\vendors\css\perfect-scrollbar\perfect-scrollbar.min.css", "CSS", 0, 0, 1, 0, 0, 0, 0, 5, 1, 7
"d:\wamp\www\istakip\Projects\Panel\Resources\Themes\Default\vendors\css\pickers\flatpickr\flatpickr.min.css", "CSS", 0, 0, 7, 0, 0, 0, 0, 6, 1, 14
"d:\wamp\www\istakip\Projects\Panel\Resources\Themes\Default\vendors\css\pickers\pickadate\classic.css", "CSS", 0, 0, 63, 0, 0, 0, 0, 32, 2, 97
"d:\wamp\www\istakip\Projects\Panel\Resources\Themes\Default\vendors\css\pickers\pickadate\classic.date.css", "CSS", 0, 0, 266, 0, 0, 0, 0, 34, 2, 302
"d:\wamp\www\istakip\Projects\Panel\Resources\Themes\Default\vendors\css\pickers\pickadate\classic.time.css", "CSS", 0, 0, 102, 0, 0, 0, 0, 29, 2, 133
"d:\wamp\www\istakip\Projects\Panel\Resources\Themes\Default\vendors\css\pickers\pickadate\default.css", "CSS", 0, 0, 124, 0, 0, 0, 0, 40, 2, 166
"d:\wamp\www\istakip\Projects\Panel\Resources\Themes\Default\vendors\css\pickers\pickadate\default.time.css", "CSS", 0, 0, 100, 0, 0, 0, 0, 25, 2, 127
"d:\wamp\www\istakip\Projects\Panel\Resources\Themes\Default\vendors\css\pickers\pickadate\pickadate.css", "CSS", 0, 0, 314, 0, 0, 0, 0, 9, 0, 323
"d:\wamp\www\istakip\Projects\Panel\Resources\Themes\Default\vendors\css\tables\datatable\buttons.bootstrap5.min.css", "CSS", 0, 0, 1, 0, 0, 0, 0, 0, 1, 2
"d:\wamp\www\istakip\Projects\Panel\Resources\Themes\Default\vendors\css\tables\datatable\dataTables.bootstrap5.min.css", "CSS", 0, 0, 1, 0, 0, 0, 0, 4, 1, 6
"d:\wamp\www\istakip\Projects\Panel\Resources\Themes\Default\vendors\css\tables\datatable\extensions\dataTables.checkboxes.css", "CSS", 0, 0, 20, 0, 0, 0, 0, 0, 4, 24
"d:\wamp\www\istakip\Projects\Panel\Resources\Themes\Default\vendors\css\tables\datatable\responsive.bootstrap.min.css", "CSS", 0, 0, 1, 0, 0, 0, 0, 0, 1, 2
"d:\wamp\www\istakip\Projects\Panel\Resources\Themes\Default\vendors\css\tables\datatable\responsive.bootstrap5.min.css", "CSS", 0, 0, 1, 0, 0, 0, 0, 1, 1, 3
"d:\wamp\www\istakip\Projects\Panel\Resources\Themes\Default\vendors\css\tables\datatable\rowGroup.bootstrap5.min.css", "CSS", 0, 0, 1, 0, 0, 0, 0, 1, 1, 3
"d:\wamp\www\istakip\Projects\Panel\Resources\Themes\Default\vendors\css\tables\datatable\select.dataTables.min.css", "CSS", 0, 0, 1, 0, 0, 0, 0, 1, 0, 2
"d:\wamp\www\istakip\Projects\Panel\Resources\Themes\Default\vendors\css\ui\prism-treeview.css", "CSS", 0, 0, 143, 0, 0, 0, 0, 0, 3, 146
"d:\wamp\www\istakip\Projects\Panel\Resources\Themes\Default\vendors\css\ui\prism.min.css", "CSS", 0, 0, 290, 0, 0, 0, 0, 9, 49, 348
"d:\wamp\www\istakip\Projects\Panel\Resources\Themes\Default\vendors\css\vendors-rtl.min.css", "CSS", 0, 0, 3, 0, 0, 0, 0, 12, 0, 15
"d:\wamp\www\istakip\Projects\Panel\Resources\Themes\Default\vendors\css\vendors.min.css", "CSS", 0, 0, 3, 0, 0, 0, 0, 12, 0, 15
"d:\wamp\www\istakip\Projects\Panel\Resources\Themes\Default\vendors\css\waves\waves.min.css", "CSS", 0, 0, 1, 0, 0, 0, 0, 7, 1, 9
"d:\wamp\www\istakip\Projects\Panel\Resources\Themes\Default\vendors\css\weather-icons\climacons.min.css", "CSS", 0, 0, 1, 0, 0, 0, 0, 0, 0, 1
"d:\wamp\www\istakip\Projects\Panel\Resources\Themes\Default\vendors\js\blockui\blockui.min.js", "JavaScript", 0, 1, 0, 0, 0, 0, 0, 13, 2, 16
"d:\wamp\www\istakip\Projects\Panel\Resources\Themes\Default\vendors\js\bootstrap\bootstrap.min.js", "JavaScript", 0, 3421, 0, 0, 0, 0, 0, 6, 1, 3428
"d:\wamp\www\istakip\Projects\Panel\Resources\Themes\Default\vendors\js\calendar\fullcalendar.min.js", "JavaScript", 0, 1, 0, 0, 0, 0, 0, 5, 1, 7
"d:\wamp\www\istakip\Projects\Panel\Resources\Themes\Default\vendors\js\charts\apexcharts.js", "JavaScript", 0, 23319, 0, 0, 0, 0, 0, 1981, 3767, 29067
"d:\wamp\www\istakip\Projects\Panel\Resources\Themes\Default\vendors\js\charts\apexcharts.min.js", "JavaScript", 0, 3, 0, 0, 0, 0, 0, 11, 1, 15
"d:\wamp\www\istakip\Projects\Panel\Resources\Themes\Default\vendors\js\charts\chart.min.js", "JavaScript", 0, 1, 0, 0, 0, 0, 0, 6, 1, 8
"d:\wamp\www\istakip\Projects\Panel\Resources\Themes\Default\vendors\js\editors\quill\assets\icons\align-center.svg", "XML", 0, 0, 0, 0, 5, 0, 0, 0, 0, 5
"d:\wamp\www\istakip\Projects\Panel\Resources\Themes\Default\vendors\js\editors\quill\assets\icons\align-justify.svg", "XML", 0, 0, 0, 0, 5, 0, 0, 0, 0, 5
"d:\wamp\www\istakip\Projects\Panel\Resources\Themes\Default\vendors\js\editors\quill\assets\icons\align-left.svg", "XML", 0, 0, 0, 0, 5, 0, 0, 0, 0, 5
"d:\wamp\www\istakip\Projects\Panel\Resources\Themes\Default\vendors\js\editors\quill\assets\icons\align-right.svg", "XML", 0, 0, 0, 0, 5, 0, 0, 0, 0, 5
"d:\wamp\www\istakip\Projects\Panel\Resources\Themes\Default\vendors\js\editors\quill\assets\icons\attachment.svg", "XML", 0, 0, 0, 0, 3, 0, 0, 0, 0, 3
"d:\wamp\www\istakip\Projects\Panel\Resources\Themes\Default\vendors\js\editors\quill\assets\icons\audio.svg", "XML", 0, 0, 0, 0, 5, 0, 0, 0, 0, 5
"d:\wamp\www\istakip\Projects\Panel\Resources\Themes\Default\vendors\js\editors\quill\assets\icons\authorship.svg", "XML", 0, 0, 0, 0, 5, 0, 0, 0, 0, 5
"d:\wamp\www\istakip\Projects\Panel\Resources\Themes\Default\vendors\js\editors\quill\assets\icons\background.svg", "XML", 0, 0, 0, 0, 52, 0, 0, 0, 0, 52
"d:\wamp\www\istakip\Projects\Panel\Resources\Themes\Default\vendors\js\editors\quill\assets\icons\blockquote.svg", "XML", 0, 0, 0, 0, 6, 0, 0, 0, 0, 6
"d:\wamp\www\istakip\Projects\Panel\Resources\Themes\Default\vendors\js\editors\quill\assets\icons\bold.svg", "XML", 0, 0, 0, 0, 4, 0, 0, 0, 0, 4
"d:\wamp\www\istakip\Projects\Panel\Resources\Themes\Default\vendors\js\editors\quill\assets\icons\clean.svg", "XML", 0, 0, 0, 0, 7, 0, 0, 0, 0, 7
"d:\wamp\www\istakip\Projects\Panel\Resources\Themes\Default\vendors\js\editors\quill\assets\icons\code.svg", "XML", 0, 0, 0, 0, 5, 0, 0, 0, 0, 5
"d:\wamp\www\istakip\Projects\Panel\Resources\Themes\Default\vendors\js\editors\quill\assets\icons\color.svg", "XML", 0, 0, 0, 0, 5, 0, 0, 0, 0, 5
"d:\wamp\www\istakip\Projects\Panel\Resources\Themes\Default\vendors\js\editors\quill\assets\icons\comment.svg", "XML", 0, 0, 0, 0, 3, 0, 0, 0, 0, 3
"d:\wamp\www\istakip\Projects\Panel\Resources\Themes\Default\vendors\js\editors\quill\assets\icons\direction-ltr.svg", "XML", 0, 0, 0, 0, 7, 0, 0, 0, 0, 7
"d:\wamp\www\istakip\Projects\Panel\Resources\Themes\Default\vendors\js\editors\quill\assets\icons\direction-rtl.svg", "XML", 0, 0, 0, 0, 7, 0, 0, 0, 0, 7
"d:\wamp\www\istakip\Projects\Panel\Resources\Themes\Default\vendors\js\editors\quill\assets\icons\dropdown.svg", "XML", 0, 0, 0, 0, 4, 0, 0, 0, 0, 4
"d:\wamp\www\istakip\Projects\Panel\Resources\Themes\Default\vendors\js\editors\quill\assets\icons\emoji.svg", "XML", 0, 0, 0, 0, 6, 0, 0, 0, 0, 6
"d:\wamp\www\istakip\Projects\Panel\Resources\Themes\Default\vendors\js\editors\quill\assets\icons\float-center.svg", "XML", 0, 0, 0, 0, 5, 0, 0, 0, 0, 5
"d:\wamp\www\istakip\Projects\Panel\Resources\Themes\Default\vendors\js\editors\quill\assets\icons\float-full.svg", "XML", 0, 0, 0, 0, 5, 0, 0, 0, 0, 5
"d:\wamp\www\istakip\Projects\Panel\Resources\Themes\Default\vendors\js\editors\quill\assets\icons\float-left.svg", "XML", 0, 0, 0, 0, 7, 0, 0, 0, 0, 7
"d:\wamp\www\istakip\Projects\Panel\Resources\Themes\Default\vendors\js\editors\quill\assets\icons\float-right.svg", "XML", 0, 0, 0, 0, 7, 0, 0, 0, 0, 7
"d:\wamp\www\istakip\Projects\Panel\Resources\Themes\Default\vendors\js\editors\quill\assets\icons\font.svg", "XML", 0, 0, 0, 0, 5, 0, 0, 0, 0, 5
"d:\wamp\www\istakip\Projects\Panel\Resources\Themes\Default\vendors\js\editors\quill\assets\icons\formula.svg", "XML", 0, 0, 0, 0, 5, 0, 0, 0, 0, 5
"d:\wamp\www\istakip\Projects\Panel\Resources\Themes\Default\vendors\js\editors\quill\assets\icons\hashtag.svg", "XML", 0, 0, 0, 0, 6, 0, 0, 0, 0, 6
"d:\wamp\www\istakip\Projects\Panel\Resources\Themes\Default\vendors\js\editors\quill\assets\icons\header-2.svg", "XML", 0, 0, 0, 0, 6, 0, 0, 0, 0, 6
"d:\wamp\www\istakip\Projects\Panel\Resources\Themes\Default\vendors\js\editors\quill\assets\icons\header.svg", "XML", 0, 0, 0, 0, 7, 0, 0, 0, 0, 7
"d:\wamp\www\istakip\Projects\Panel\Resources\Themes\Default\vendors\js\editors\quill\assets\icons\image.svg", "XML", 0, 0, 0, 0, 5, 0, 0, 0, 0, 5
"d:\wamp\www\istakip\Projects\Panel\Resources\Themes\Default\vendors\js\editors\quill\assets\icons\indent.svg", "XML", 0, 0, 0, 0, 6, 0, 0, 0, 0, 6
"d:\wamp\www\istakip\Projects\Panel\Resources\Themes\Default\vendors\js\editors\quill\assets\icons\italic.svg", "XML", 0, 0, 0, 0, 5, 0, 0, 0, 0, 5
"d:\wamp\www\istakip\Projects\Panel\Resources\Themes\Default\vendors\js\editors\quill\assets\icons\link.svg", "XML", 0, 0, 0, 0, 5, 0, 0, 0, 0, 5
"d:\wamp\www\istakip\Projects\Panel\Resources\Themes\Default\vendors\js\editors\quill\assets\icons\list-bullet.svg", "XML", 0, 0, 0, 0, 8, 0, 0, 0, 0, 8
"d:\wamp\www\istakip\Projects\Panel\Resources\Themes\Default\vendors\js\editors\quill\assets\icons\list-check.svg", "XML", 0, 0, 0, 0, 8, 0, 0, 0, 0, 8
"d:\wamp\www\istakip\Projects\Panel\Resources\Themes\Default\vendors\js\editors\quill\assets\icons\list-ordered.svg", "XML", 0, 0, 0, 0, 9, 0, 0, 0, 0, 9
"d:\wamp\www\istakip\Projects\Panel\Resources\Themes\Default\vendors\js\editors\quill\assets\icons\map.svg", "XML", 0, 0, 0, 0, 5, 0, 0, 0, 0, 5
"d:\wamp\www\istakip\Projects\Panel\Resources\Themes\Default\vendors\js\editors\quill\assets\icons\mention.svg", "XML", 0, 0, 0, 0, 4, 0, 0, 0, 0, 4
"d:\wamp\www\istakip\Projects\Panel\Resources\Themes\Default\vendors\js\editors\quill\assets\icons\outdent.svg", "XML", 0, 0, 0, 0, 6, 0, 0, 0, 0, 6
"d:\wamp\www\istakip\Projects\Panel\Resources\Themes\Default\vendors\js\editors\quill\assets\icons\redo.svg", "XML", 0, 0, 0, 0, 4, 0, 0, 0, 0, 4
"d:\wamp\www\istakip\Projects\Panel\Resources\Themes\Default\vendors\js\editors\quill\assets\icons\size-decrease.svg", "XML", 0, 0, 0, 0, 5, 0, 0, 0, 0, 5
"d:\wamp\www\istakip\Projects\Panel\Resources\Themes\Default\vendors\js\editors\quill\assets\icons\size-increase.svg", "XML", 0, 0, 0, 0, 6, 0, 0, 0, 0, 6
"d:\wamp\www\istakip\Projects\Panel\Resources\Themes\Default\vendors\js\editors\quill\assets\icons\size.svg", "XML", 0, 0, 0, 0, 6, 0, 0, 0, 0, 6
"d:\wamp\www\istakip\Projects\Panel\Resources\Themes\Default\vendors\js\editors\quill\assets\icons\spacing.svg", "XML", 0, 0, 0, 0, 9, 0, 0, 0, 0, 9
"d:\wamp\www\istakip\Projects\Panel\Resources\Themes\Default\vendors\js\editors\quill\assets\icons\speech.svg", "XML", 0, 0, 0, 0, 6, 0, 0, 0, 0, 6
"d:\wamp\www\istakip\Projects\Panel\Resources\Themes\Default\vendors\js\editors\quill\assets\icons\strike.svg", "XML", 0, 0, 0, 0, 5, 0, 0, 0, 0, 5
"d:\wamp\www\istakip\Projects\Panel\Resources\Themes\Default\vendors\js\editors\quill\assets\icons\subscript.svg", "XML", 0, 0, 0, 0, 4, 0, 0, 0, 0, 4
"d:\wamp\www\istakip\Projects\Panel\Resources\Themes\Default\vendors\js\editors\quill\assets\icons\superscript.svg", "XML", 0, 0, 0, 0, 4, 0, 0, 0, 0, 4
"d:\wamp\www\istakip\Projects\Panel\Resources\Themes\Default\vendors\js\editors\quill\assets\icons\table-border-all.svg", "XML", 0, 0, 0, 0, 5, 0, 0, 0, 0, 5
"d:\wamp\www\istakip\Projects\Panel\Resources\Themes\Default\vendors\js\editors\quill\assets\icons\table-border-bottom.svg", "XML", 0, 0, 0, 0, 28, 0, 0, 0, 0, 28
"d:\wamp\www\istakip\Projects\Panel\Resources\Themes\Default\vendors\js\editors\quill\assets\icons\table-border-left.svg", "XML", 0, 0, 0, 0, 28, 0, 0, 0, 0, 28
"d:\wamp\www\istakip\Projects\Panel\Resources\Themes\Default\vendors\js\editors\quill\assets\icons\table-border-none.svg", "XML", 0, 0, 0, 0, 25, 0, 0, 0, 0, 25
"d:\wamp\www\istakip\Projects\Panel\Resources\Themes\Default\vendors\js\editors\quill\assets\icons\table-border-outside.svg", "XML", 0, 0, 0, 0, 35, 0, 0, 0, 0, 35
"d:\wamp\www\istakip\Projects\Panel\Resources\Themes\Default\vendors\js\editors\quill\assets\icons\table-border-right.svg", "XML", 0, 0, 0, 0, 28, 0, 0, 0, 0, 28
"d:\wamp\www\istakip\Projects\Panel\Resources\Themes\Default\vendors\js\editors\quill\assets\icons\table-border-top.svg", "XML", 0, 0, 0, 0, 28, 0, 0, 0, 0, 28
"d:\wamp\www\istakip\Projects\Panel\Resources\Themes\Default\vendors\js\editors\quill\assets\icons\table-delete-cells.svg", "XML", 0, 0, 0, 0, 13, 0, 0, 0, 0, 13
"d:\wamp\www\istakip\Projects\Panel\Resources\Themes\Default\vendors\js\editors\quill\assets\icons\table-delete-columns.svg", "XML", 0, 0, 0, 0, 8, 0, 0, 0, 0, 8
"d:\wamp\www\istakip\Projects\Panel\Resources\Themes\Default\vendors\js\editors\quill\assets\icons\table-delete-rows.svg", "XML", 0, 0, 0, 0, 9, 0, 0, 0, 0, 9
"d:\wamp\www\istakip\Projects\Panel\Resources\Themes\Default\vendors\js\editors\quill\assets\icons\table-insert-cells.svg", "XML", 0, 0, 0, 0, 13, 0, 0, 0, 0, 13
"d:\wamp\www\istakip\Projects\Panel\Resources\Themes\Default\vendors\js\editors\quill\assets\icons\table-insert-columns.svg", "XML", 0, 0, 0, 0, 8, 0, 0, 0, 0, 8
"d:\wamp\www\istakip\Projects\Panel\Resources\Themes\Default\vendors\js\editors\quill\assets\icons\table-insert-rows.svg", "XML", 0, 0, 0, 0, 9, 0, 0, 0, 0, 9
"d:\wamp\www\istakip\Projects\Panel\Resources\Themes\Default\vendors\js\editors\quill\assets\icons\table-merge-cells.svg", "XML", 0, 0, 0, 0, 4, 0, 0, 0, 0, 4
"d:\wamp\www\istakip\Projects\Panel\Resources\Themes\Default\vendors\js\editors\quill\assets\icons\table-unmerge-cells.svg", "XML", 0, 0, 0, 0, 7, 0, 0, 0, 0, 7
"d:\wamp\www\istakip\Projects\Panel\Resources\Themes\Default\vendors\js\editors\quill\assets\icons\table.svg", "XML", 0, 0, 0, 0, 11, 0, 0, 0, 0, 11
"d:\wamp\www\istakip\Projects\Panel\Resources\Themes\Default\vendors\js\editors\quill\assets\icons\underline.svg", "XML", 0, 0, 0, 0, 4, 0, 0, 0, 0, 4
"d:\wamp\www\istakip\Projects\Panel\Resources\Themes\Default\vendors\js\editors\quill\assets\icons\undo.svg", "XML", 0, 0, 0, 0, 4, 0, 0, 0, 0, 4
"d:\wamp\www\istakip\Projects\Panel\Resources\Themes\Default\vendors\js\editors\quill\assets\icons\video.svg", "XML", 0, 0, 0, 0, 14, 0, 0, 0, 0, 14
"d:\wamp\www\istakip\Projects\Panel\Resources\Themes\Default\vendors\js\editors\quill\highlight.min.js", "JavaScript", 0, 39, 0, 0, 0, 0, 0, 5, 0, 44
"d:\wamp\www\istakip\Projects\Panel\Resources\Themes\Default\vendors\js\editors\quill\katex.min.js", "JavaScript", 0, 1, 0, 0, 0, 0, 0, 0, 0, 1
"d:\wamp\www\istakip\Projects\Panel\Resources\Themes\Default\vendors\js\editors\quill\quill.js", "JavaScript", 0, 15079, 0, 0, 0, 0, 0, 776, 1589, 17444
"d:\wamp\www\istakip\Projects\Panel\Resources\Themes\Default\vendors\js\editors\quill\quill.min.js", "JavaScript", 0, 1, 0, 0, 0, 0, 0, 6, 1, 8
"d:\wamp\www\istakip\Projects\Panel\Resources\Themes\Default\vendors\js\editors\quill\themes\base.js", "JavaScript", 0, 233, 0, 0, 0, 0, 0, 1, 23, 257
"d:\wamp\www\istakip\Projects\Panel\Resources\Themes\Default\vendors\js\editors\quill\themes\bubble.js", "JavaScript", 0, 99, 0, 0, 0, 0, 0, 2, 12, 113
"d:\wamp\www\istakip\Projects\Panel\Resources\Themes\Default\vendors\js\editors\quill\themes\snow.js", "JavaScript", 0, 107, 0, 0, 0, 0, 0, 0, 11, 118
"d:\wamp\www\istakip\Projects\Panel\Resources\Themes\Default\vendors\js\editors\quill\ui\color-picker.js", "JavaScript", 0, 29, 0, 0, 0, 0, 0, 0, 7, 36
"d:\wamp\www\istakip\Projects\Panel\Resources\Themes\Default\vendors\js\editors\quill\ui\icon-picker.js", "JavaScript", 0, 18, 0, 0, 0, 0, 0, 0, 6, 24
"d:\wamp\www\istakip\Projects\Panel\Resources\Themes\Default\vendors\js\editors\quill\ui\icons.js", "JavaScript", 0, 48, 0, 0, 0, 0, 0, 0, 1, 49
"d:\wamp\www\istakip\Projects\Panel\Resources\Themes\Default\vendors\js\editors\quill\ui\picker.js", "JavaScript", 0, 105, 0, 0, 0, 0, 0, 0, 12, 117
"d:\wamp\www\istakip\Projects\Panel\Resources\Themes\Default\vendors\js\editors\quill\ui\tooltip.js", "JavaScript", 0, 46, 0, 0, 0, 0, 0, 0, 7, 53
"d:\wamp\www\istakip\Projects\Panel\Resources\Themes\Default\vendors\js\extensions\dragula.min.js", "JavaScript", 0, 1, 0, 0, 0, 0, 0, 0, 1, 2
"d:\wamp\www\istakip\Projects\Panel\Resources\Themes\Default\vendors\js\extensions\i18next.min.js", "JavaScript", 0, 1, 0, 0, 0, 0, 0, 0, 1, 2
"d:\wamp\www\istakip\Projects\Panel\Resources\Themes\Default\vendors\js\extensions\i18nextBrowserLanguageDetector.min.js", "JavaScript", 0, 1, 0, 0, 0, 0, 0, 0, 1, 2
"d:\wamp\www\istakip\Projects\Panel\Resources\Themes\Default\vendors\js\extensions\i18nextXHRBackend.min.js", "JavaScript", 0, 1, 0, 0, 0, 0, 0, 0, 1, 2
"d:\wamp\www\istakip\Projects\Panel\Resources\Themes\Default\vendors\js\extensions\jquery-i18next.min.js", "JavaScript", 0, 1, 0, 0, 0, 0, 0, 0, 1, 2
"d:\wamp\www\istakip\Projects\Panel\Resources\Themes\Default\vendors\js\extensions\jquery.contextMenu.min.js", "JavaScript", 0, 1, 0, 0, 0, 0, 0, 0, 1, 2
"d:\wamp\www\istakip\Projects\Panel\Resources\Themes\Default\vendors\js\extensions\jquery.mousewheel.min.js", "JavaScript", 0, 1, 0, 0, 0, 0, 0, 7, 1, 9
"d:\wamp\www\istakip\Projects\Panel\Resources\Themes\Default\vendors\js\extensions\jquery.rateyo.min.js", "JavaScript", 0, 1, 0, 0, 0, 0, 0, 2, 1, 4
"d:\wamp\www\istakip\Projects\Panel\Resources\Themes\Default\vendors\js\extensions\jquery.ui.position.min.js", "JavaScript", 0, 1, 0, 0, 0, 0, 0, 4, 1, 6
"d:\wamp\www\istakip\Projects\Panel\Resources\Themes\Default\vendors\js\extensions\jstree.min.js", "JavaScript", 0, 1, 0, 0, 0, 0, 0, 6, 0, 7
"d:\wamp\www\istakip\Projects\Panel\Resources\Themes\Default\vendors\js\extensions\lang-all.js", "JavaScript", 0, 6, 0, 0, 0, 0, 0, 0, 0, 6
"d:\wamp\www\istakip\Projects\Panel\Resources\Themes\Default\vendors\js\extensions\locale-all.js", "JavaScript", 0, 6, 0, 0, 0, 0, 0, 0, 0, 6
"d:\wamp\www\istakip\Projects\Panel\Resources\Themes\Default\vendors\js\extensions\moment.min.js", "JavaScript", 0, 1, 0, 0, 0, 0, 0, 5, 0, 6
"d:\wamp\www\istakip\Projects\Panel\Resources\Themes\Default\vendors\js\extensions\nouislider.min.js", "JavaScript", 0, 1, 0, 0, 0, 0, 0, 1, 1, 3
"d:\wamp\www\istakip\Projects\Panel\Resources\Themes\Default\vendors\js\extensions\plyr.min.js", "JavaScript", 0, 1, 0, 0, 0, 0, 0, 1, 1, 3
"d:\wamp\www\istakip\Projects\Panel\Resources\Themes\Default\vendors\js\extensions\plyr.polyfilled.min.js", "JavaScript", 0, 1, 0, 0, 0, 0, 0, 0, 1, 2
"d:\wamp\www\istakip\Projects\Panel\Resources\Themes\Default\vendors\js\extensions\polyfill.min.js", "JavaScript", 0, 1, 0, 0, 0, 0, 0, 0, 1, 2
"d:\wamp\www\istakip\Projects\Panel\Resources\Themes\Default\vendors\js\extensions\shepherd.min.js", "JavaScript", 0, 114, 0, 0, 0, 0, 0, 1, 2, 117
"d:\wamp\www\istakip\Projects\Panel\Resources\Themes\Default\vendors\js\extensions\sweetalert2.all.min.js", "JavaScript", 0, 2, 0, 0, 0, 0, 0, 1, 1, 4
"d:\wamp\www\istakip\Projects\Panel\Resources\Themes\Default\vendors\js\extensions\swiper.min.js", "JavaScript", 0, 1, 0, 0, 0, 0, 0, 11, 2, 14
"d:\wamp\www\istakip\Projects\Panel\Resources\Themes\Default\vendors\js\extensions\tether.min.js", "JavaScript", 0, 1, 0, 0, 0, 0, 0, 0, 0, 1
"d:\wamp\www\istakip\Projects\Panel\Resources\Themes\Default\vendors\js\extensions\toastr.min.js", "JavaScript", 0, 1, 0, 0, 0, 0, 0, 1, 2, 4
"d:\wamp\www\istakip\Projects\Panel\Resources\Themes\Default\vendors\js\extensions\transition.js", "JavaScript", 0, 28, 0, 0, 0, 0, 0, 21, 10, 59
"d:\wamp\www\istakip\Projects\Panel\Resources\Themes\Default\vendors\js\extensions\wNumb.min.js", "JavaScript", 0, 1, 0, 0, 0, 0, 0, 0, 1, 2
"d:\wamp\www\istakip\Projects\Panel\Resources\Themes\Default\vendors\js\feather-icons\feather-icons.min.js", "JavaScript", 0, 2, 0, 0, 0, 0, 0, 11, 2, 15
"d:\wamp\www\istakip\Projects\Panel\Resources\Themes\Default\vendors\js\file-uploaders\dropzone.min.js", "JavaScript", 0, 1, 0, 0, 0, 0, 0, 0, 1, 2
"d:\wamp\www\istakip\Projects\Panel\Resources\Themes\Default\vendors\js\forms\cleave\addons\cleave-phone.ac.js", "JavaScript", 0, 4, 0, 0, 0, 0, 0, 47, 0, 51
"d:\wamp\www\istakip\Projects\Panel\Resources\Themes\Default\vendors\js\forms\cleave\addons\cleave-phone.ad.js", "JavaScript", 0, 4, 0, 0, 0, 0, 0, 47, 0, 51
"d:\wamp\www\istakip\Projects\Panel\Resources\Themes\Default\vendors\js\forms\cleave\addons\cleave-phone.ae.js", "JavaScript", 0, 4, 0, 0, 0, 0, 0, 47, 0, 51
"d:\wamp\www\istakip\Projects\Panel\Resources\Themes\Default\vendors\js\forms\cleave\addons\cleave-phone.af.js", "JavaScript", 0, 4, 0, 0, 0, 0, 0, 47, 0, 51
"d:\wamp\www\istakip\Projects\Panel\Resources\Themes\Default\vendors\js\forms\cleave\addons\cleave-phone.ag.js", "JavaScript", 0, 4, 0, 0, 0, 0, 0, 47, 0, 51
"d:\wamp\www\istakip\Projects\Panel\Resources\Themes\Default\vendors\js\forms\cleave\addons\cleave-phone.ai.js", "JavaScript", 0, 4, 0, 0, 0, 0, 0, 47, 0, 51
"d:\wamp\www\istakip\Projects\Panel\Resources\Themes\Default\vendors\js\forms\cleave\addons\cleave-phone.al.js", "JavaScript", 0, 4, 0, 0, 0, 0, 0, 47, 0, 51
"d:\wamp\www\istakip\Projects\Panel\Resources\Themes\Default\vendors\js\forms\cleave\addons\cleave-phone.am.js", "JavaScript", 0, 4, 0, 0, 0, 0, 0, 47, 0, 51
"d:\wamp\www\istakip\Projects\Panel\Resources\Themes\Default\vendors\js\forms\cleave\addons\cleave-phone.ao.js", "JavaScript", 0, 4, 0, 0, 0, 0, 0, 47, 0, 51
"d:\wamp\www\istakip\Projects\Panel\Resources\Themes\Default\vendors\js\forms\cleave\addons\cleave-phone.ar.js", "JavaScript", 0, 4, 0, 0, 0, 0, 0, 47, 0, 51
"d:\wamp\www\istakip\Projects\Panel\Resources\Themes\Default\vendors\js\forms\cleave\addons\cleave-phone.as.js", "JavaScript", 0, 4, 0, 0, 0, 0, 0, 47, 0, 51
"d:\wamp\www\istakip\Projects\Panel\Resources\Themes\Default\vendors\js\forms\cleave\addons\cleave-phone.at.js", "JavaScript", 0, 4, 0, 0, 0, 0, 0, 47, 0, 51
"d:\wamp\www\istakip\Projects\Panel\Resources\Themes\Default\vendors\js\forms\cleave\addons\cleave-phone.au-cn.js", "JavaScript", 0, 4, 0, 0, 0, 0, 0, 47, 0, 51
"d:\wamp\www\istakip\Projects\Panel\Resources\Themes\Default\vendors\js\forms\cleave\addons\cleave-phone.au.js", "JavaScript", 0, 4, 0, 0, 0, 0, 0, 47, 0, 51
"d:\wamp\www\istakip\Projects\Panel\Resources\Themes\Default\vendors\js\forms\cleave\addons\cleave-phone.aw.js", "JavaScript", 0, 4, 0, 0, 0, 0, 0, 47, 0, 51
"d:\wamp\www\istakip\Projects\Panel\Resources\Themes\Default\vendors\js\forms\cleave\addons\cleave-phone.ax.js", "JavaScript", 0, 4, 0, 0, 0, 0, 0, 47, 0, 51
"d:\wamp\www\istakip\Projects\Panel\Resources\Themes\Default\vendors\js\forms\cleave\addons\cleave-phone.az.js", "JavaScript", 0, 4, 0, 0, 0, 0, 0, 47, 0, 51
"d:\wamp\www\istakip\Projects\Panel\Resources\Themes\Default\vendors\js\forms\cleave\addons\cleave-phone.ba.js", "JavaScript", 0, 4, 0, 0, 0, 0, 0, 47, 0, 51
"d:\wamp\www\istakip\Projects\Panel\Resources\Themes\Default\vendors\js\forms\cleave\addons\cleave-phone.bb.js", "JavaScript", 0, 4, 0, 0, 0, 0, 0, 47, 0, 51
"d:\wamp\www\istakip\Projects\Panel\Resources\Themes\Default\vendors\js\forms\cleave\addons\cleave-phone.bd.js", "JavaScript", 0, 4, 0, 0, 0, 0, 0, 47, 0, 51
"d:\wamp\www\istakip\Projects\Panel\Resources\Themes\Default\vendors\js\forms\cleave\addons\cleave-phone.be.js", "JavaScript", 0, 4, 0, 0, 0, 0, 0, 47, 0, 51
"d:\wamp\www\istakip\Projects\Panel\Resources\Themes\Default\vendors\js\forms\cleave\addons\cleave-phone.bf.js", "JavaScript", 0, 4, 0, 0, 0, 0, 0, 47, 0, 51
"d:\wamp\www\istakip\Projects\Panel\Resources\Themes\Default\vendors\js\forms\cleave\addons\cleave-phone.bg.js", "JavaScript", 0, 4, 0, 0, 0, 0, 0, 47, 0, 51
"d:\wamp\www\istakip\Projects\Panel\Resources\Themes\Default\vendors\js\forms\cleave\addons\cleave-phone.bh.js", "JavaScript", 0, 4, 0, 0, 0, 0, 0, 47, 0, 51
"d:\wamp\www\istakip\Projects\Panel\Resources\Themes\Default\vendors\js\forms\cleave\addons\cleave-phone.bi.js", "JavaScript", 0, 4, 0, 0, 0, 0, 0, 47, 0, 51
"d:\wamp\www\istakip\Projects\Panel\Resources\Themes\Default\vendors\js\forms\cleave\addons\cleave-phone.bj.js", "JavaScript", 0, 4, 0, 0, 0, 0, 0, 47, 0, 51
"d:\wamp\www\istakip\Projects\Panel\Resources\Themes\Default\vendors\js\forms\cleave\addons\cleave-phone.bl.js", "JavaScript", 0, 4, 0, 0, 0, 0, 0, 47, 0, 51
"d:\wamp\www\istakip\Projects\Panel\Resources\Themes\Default\vendors\js\forms\cleave\addons\cleave-phone.bm.js", "JavaScript", 0, 4, 0, 0, 0, 0, 0, 47, 0, 51
"d:\wamp\www\istakip\Projects\Panel\Resources\Themes\Default\vendors\js\forms\cleave\addons\cleave-phone.bn.js", "JavaScript", 0, 4, 0, 0, 0, 0, 0, 47, 0, 51
"d:\wamp\www\istakip\Projects\Panel\Resources\Themes\Default\vendors\js\forms\cleave\addons\cleave-phone.bo.js", "JavaScript", 0, 4, 0, 0, 0, 0, 0, 47, 0, 51
"d:\wamp\www\istakip\Projects\Panel\Resources\Themes\Default\vendors\js\forms\cleave\addons\cleave-phone.bq.js", "JavaScript", 0, 4, 0, 0, 0, 0, 0, 47, 0, 51
"d:\wamp\www\istakip\Projects\Panel\Resources\Themes\Default\vendors\js\forms\cleave\addons\cleave-phone.br.js", "JavaScript", 0, 4, 0, 0, 0, 0, 0, 47, 0, 51
"d:\wamp\www\istakip\Projects\Panel\Resources\Themes\Default\vendors\js\forms\cleave\addons\cleave-phone.bs.js", "JavaScript", 0, 4, 0, 0, 0, 0, 0, 47, 0, 51
"d:\wamp\www\istakip\Projects\Panel\Resources\Themes\Default\vendors\js\forms\cleave\addons\cleave-phone.bt.js", "JavaScript", 0, 4, 0, 0, 0, 0, 0, 47, 0, 51
"d:\wamp\www\istakip\Projects\Panel\Resources\Themes\Default\vendors\js\forms\cleave\addons\cleave-phone.bw.js", "JavaScript", 0, 4, 0, 0, 0, 0, 0, 47, 0, 51
"d:\wamp\www\istakip\Projects\Panel\Resources\Themes\Default\vendors\js\forms\cleave\addons\cleave-phone.by.js", "JavaScript", 0, 4, 0, 0, 0, 0, 0, 47, 0, 51
"d:\wamp\www\istakip\Projects\Panel\Resources\Themes\Default\vendors\js\forms\cleave\addons\cleave-phone.bz.js", "JavaScript", 0, 4, 0, 0, 0, 0, 0, 47, 0, 51
"d:\wamp\www\istakip\Projects\Panel\Resources\Themes\Default\vendors\js\forms\cleave\addons\cleave-phone.ca.js", "JavaScript", 0, 4, 0, 0, 0, 0, 0, 47, 0, 51
"d:\wamp\www\istakip\Projects\Panel\Resources\Themes\Default\vendors\js\forms\cleave\addons\cleave-phone.cc.js", "JavaScript", 0, 4, 0, 0, 0, 0, 0, 47, 0, 51
"d:\wamp\www\istakip\Projects\Panel\Resources\Themes\Default\vendors\js\forms\cleave\addons\cleave-phone.cd.js", "JavaScript", 0, 4, 0, 0, 0, 0, 0, 47, 0, 51
"d:\wamp\www\istakip\Projects\Panel\Resources\Themes\Default\vendors\js\forms\cleave\addons\cleave-phone.cf.js", "JavaScript", 0, 4, 0, 0, 0, 0, 0, 47, 0, 51
"d:\wamp\www\istakip\Projects\Panel\Resources\Themes\Default\vendors\js\forms\cleave\addons\cleave-phone.cg.js", "JavaScript", 0, 4, 0, 0, 0, 0, 0, 47, 0, 51
"d:\wamp\www\istakip\Projects\Panel\Resources\Themes\Default\vendors\js\forms\cleave\addons\cleave-phone.ch.js", "JavaScript", 0, 4, 0, 0, 0, 0, 0, 47, 0, 51
"d:\wamp\www\istakip\Projects\Panel\Resources\Themes\Default\vendors\js\forms\cleave\addons\cleave-phone.ci.js", "JavaScript", 0, 4, 0, 0, 0, 0, 0, 47, 0, 51
"d:\wamp\www\istakip\Projects\Panel\Resources\Themes\Default\vendors\js\forms\cleave\addons\cleave-phone.ck.js", "JavaScript", 0, 4, 0, 0, 0, 0, 0, 47, 0, 51
"d:\wamp\www\istakip\Projects\Panel\Resources\Themes\Default\vendors\js\forms\cleave\addons\cleave-phone.cl.js", "JavaScript", 0, 4, 0, 0, 0, 0, 0, 47, 0, 51
"d:\wamp\www\istakip\Projects\Panel\Resources\Themes\Default\vendors\js\forms\cleave\addons\cleave-phone.cm.js", "JavaScript", 0, 4, 0, 0, 0, 0, 0, 47, 0, 51
"d:\wamp\www\istakip\Projects\Panel\Resources\Themes\Default\vendors\js\forms\cleave\addons\cleave-phone.cn.js", "JavaScript", 0, 4, 0, 0, 0, 0, 0, 47, 0, 51
"d:\wamp\www\istakip\Projects\Panel\Resources\Themes\Default\vendors\js\forms\cleave\addons\cleave-phone.co.js", "JavaScript", 0, 4, 0, 0, 0, 0, 0, 47, 0, 51
"d:\wamp\www\istakip\Projects\Panel\Resources\Themes\Default\vendors\js\forms\cleave\addons\cleave-phone.cr.js", "JavaScript", 0, 4, 0, 0, 0, 0, 0, 47, 0, 51
"d:\wamp\www\istakip\Projects\Panel\Resources\Themes\Default\vendors\js\forms\cleave\addons\cleave-phone.cu.js", "JavaScript", 0, 4, 0, 0, 0, 0, 0, 47, 0, 51
"d:\wamp\www\istakip\Projects\Panel\Resources\Themes\Default\vendors\js\forms\cleave\addons\cleave-phone.cv.js", "JavaScript", 0, 4, 0, 0, 0, 0, 0, 47, 0, 51
"d:\wamp\www\istakip\Projects\Panel\Resources\Themes\Default\vendors\js\forms\cleave\addons\cleave-phone.cw.js", "JavaScript", 0, 4, 0, 0, 0, 0, 0, 47, 0, 51
"d:\wamp\www\istakip\Projects\Panel\Resources\Themes\Default\vendors\js\forms\cleave\addons\cleave-phone.cx.js", "JavaScript", 0, 4, 0, 0, 0, 0, 0, 47, 0, 51
"d:\wamp\www\istakip\Projects\Panel\Resources\Themes\Default\vendors\js\forms\cleave\addons\cleave-phone.cy.js", "JavaScript", 0, 4, 0, 0, 0, 0, 0, 47, 0, 51
"d:\wamp\www\istakip\Projects\Panel\Resources\Themes\Default\vendors\js\forms\cleave\addons\cleave-phone.cz.js", "JavaScript", 0, 4, 0, 0, 0, 0, 0, 47, 0, 51
"d:\wamp\www\istakip\Projects\Panel\Resources\Themes\Default\vendors\js\forms\cleave\addons\cleave-phone.de.js", "JavaScript", 0, 4, 0, 0, 0, 0, 0, 47, 0, 51
"d:\wamp\www\istakip\Projects\Panel\Resources\Themes\Default\vendors\js\forms\cleave\addons\cleave-phone.dj.js", "JavaScript", 0, 4, 0, 0, 0, 0, 0, 47, 0, 51
"d:\wamp\www\istakip\Projects\Panel\Resources\Themes\Default\vendors\js\forms\cleave\addons\cleave-phone.dk.js", "JavaScript", 0, 4, 0, 0, 0, 0, 0, 47, 0, 51
"d:\wamp\www\istakip\Projects\Panel\Resources\Themes\Default\vendors\js\forms\cleave\addons\cleave-phone.dm.js", "JavaScript", 0, 4, 0, 0, 0, 0, 0, 47, 0, 51
"d:\wamp\www\istakip\Projects\Panel\Resources\Themes\Default\vendors\js\forms\cleave\addons\cleave-phone.do.js", "JavaScript", 0, 4, 0, 0, 0, 0, 0, 47, 0, 51
"d:\wamp\www\istakip\Projects\Panel\Resources\Themes\Default\vendors\js\forms\cleave\addons\cleave-phone.dz.js", "JavaScript", 0, 4, 0, 0, 0, 0, 0, 47, 0, 51
"d:\wamp\www\istakip\Projects\Panel\Resources\Themes\Default\vendors\js\forms\cleave\addons\cleave-phone.ec.js", "JavaScript", 0, 4, 0, 0, 0, 0, 0, 47, 0, 51
"d:\wamp\www\istakip\Projects\Panel\Resources\Themes\Default\vendors\js\forms\cleave\addons\cleave-phone.ee.js", "JavaScript", 0, 4, 0, 0, 0, 0, 0, 47, 0, 51
"d:\wamp\www\istakip\Projects\Panel\Resources\Themes\Default\vendors\js\forms\cleave\addons\cleave-phone.eg.js", "JavaScript", 0, 4, 0, 0, 0, 0, 0, 47, 0, 51
"d:\wamp\www\istakip\Projects\Panel\Resources\Themes\Default\vendors\js\forms\cleave\addons\cleave-phone.eh.js", "JavaScript", 0, 4, 0, 0, 0, 0, 0, 47, 0, 51
"d:\wamp\www\istakip\Projects\Panel\Resources\Themes\Default\vendors\js\forms\cleave\addons\cleave-phone.er.js", "JavaScript", 0, 4, 0, 0, 0, 0, 0, 47, 0, 51
"d:\wamp\www\istakip\Projects\Panel\Resources\Themes\Default\vendors\js\forms\cleave\addons\cleave-phone.es.js", "JavaScript", 0, 4, 0, 0, 0, 0, 0, 47, 0, 51
"d:\wamp\www\istakip\Projects\Panel\Resources\Themes\Default\vendors\js\forms\cleave\addons\cleave-phone.et.js", "JavaScript", 0, 4, 0, 0, 0, 0, 0, 47, 0, 51
"d:\wamp\www\istakip\Projects\Panel\Resources\Themes\Default\vendors\js\forms\cleave\addons\cleave-phone.fi.js", "JavaScript", 0, 4, 0, 0, 0, 0, 0, 47, 0, 51
"d:\wamp\www\istakip\Projects\Panel\Resources\Themes\Default\vendors\js\forms\cleave\addons\cleave-phone.fj.js", "JavaScript", 0, 4, 0, 0, 0, 0, 0, 47, 0, 51
"d:\wamp\www\istakip\Projects\Panel\Resources\Themes\Default\vendors\js\forms\cleave\addons\cleave-phone.fk.js", "JavaScript", 0, 4, 0, 0, 0, 0, 0, 47, 0, 51
"d:\wamp\www\istakip\Projects\Panel\Resources\Themes\Default\vendors\js\forms\cleave\addons\cleave-phone.fm.js", "JavaScript", 0, 4, 0, 0, 0, 0, 0, 47, 0, 51
"d:\wamp\www\istakip\Projects\Panel\Resources\Themes\Default\vendors\js\forms\cleave\addons\cleave-phone.fo.js", "JavaScript", 0, 4, 0, 0, 0, 0, 0, 47, 0, 51
"d:\wamp\www\istakip\Projects\Panel\Resources\Themes\Default\vendors\js\forms\cleave\addons\cleave-phone.fr.js", "JavaScript", 0, 4, 0, 0, 0, 0, 0, 47, 0, 51
"d:\wamp\www\istakip\Projects\Panel\Resources\Themes\Default\vendors\js\forms\cleave\addons\cleave-phone.ga.js", "JavaScript", 0, 4, 0, 0, 0, 0, 0, 47, 0, 51
"d:\wamp\www\istakip\Projects\Panel\Resources\Themes\Default\vendors\js\forms\cleave\addons\cleave-phone.gb.js", "JavaScript", 0, 4, 0, 0, 0, 0, 0, 47, 0, 51
"d:\wamp\www\istakip\Projects\Panel\Resources\Themes\Default\vendors\js\forms\cleave\addons\cleave-phone.gd.js", "JavaScript", 0, 4, 0, 0, 0, 0, 0, 47, 0, 51
"d:\wamp\www\istakip\Projects\Panel\Resources\Themes\Default\vendors\js\forms\cleave\addons\cleave-phone.ge.js", "JavaScript", 0, 4, 0, 0, 0, 0, 0, 47, 0, 51
"d:\wamp\www\istakip\Projects\Panel\Resources\Themes\Default\vendors\js\forms\cleave\addons\cleave-phone.gf.js", "JavaScript", 0, 4, 0, 0, 0, 0, 0, 47, 0, 51
"d:\wamp\www\istakip\Projects\Panel\Resources\Themes\Default\vendors\js\forms\cleave\addons\cleave-phone.gg.js", "JavaScript", 0, 4, 0, 0, 0, 0, 0, 47, 0, 51
"d:\wamp\www\istakip\Projects\Panel\Resources\Themes\Default\vendors\js\forms\cleave\addons\cleave-phone.gh.js", "JavaScript", 0, 4, 0, 0, 0, 0, 0, 47, 0, 51
"d:\wamp\www\istakip\Projects\Panel\Resources\Themes\Default\vendors\js\forms\cleave\addons\cleave-phone.gi.js", "JavaScript", 0, 4, 0, 0, 0, 0, 0, 47, 0, 51
"d:\wamp\www\istakip\Projects\Panel\Resources\Themes\Default\vendors\js\forms\cleave\addons\cleave-phone.gl.js", "JavaScript", 0, 4, 0, 0, 0, 0, 0, 47, 0, 51
"d:\wamp\www\istakip\Projects\Panel\Resources\Themes\Default\vendors\js\forms\cleave\addons\cleave-phone.gm.js", "JavaScript", 0, 4, 0, 0, 0, 0, 0, 47, 0, 51
"d:\wamp\www\istakip\Projects\Panel\Resources\Themes\Default\vendors\js\forms\cleave\addons\cleave-phone.gn.js", "JavaScript", 0, 4, 0, 0, 0, 0, 0, 47, 0, 51
"d:\wamp\www\istakip\Projects\Panel\Resources\Themes\Default\vendors\js\forms\cleave\addons\cleave-phone.gp.js", "JavaScript", 0, 4, 0, 0, 0, 0, 0, 47, 0, 51
"d:\wamp\www\istakip\Projects\Panel\Resources\Themes\Default\vendors\js\forms\cleave\addons\cleave-phone.gq.js", "JavaScript", 0, 4, 0, 0, 0, 0, 0, 47, 0, 51
"d:\wamp\www\istakip\Projects\Panel\Resources\Themes\Default\vendors\js\forms\cleave\addons\cleave-phone.gr.js", "JavaScript", 0, 4, 0, 0, 0, 0, 0, 47, 0, 51
"d:\wamp\www\istakip\Projects\Panel\Resources\Themes\Default\vendors\js\forms\cleave\addons\cleave-phone.gt.js", "JavaScript", 0, 4, 0, 0, 0, 0, 0, 47, 0, 51
"d:\wamp\www\istakip\Projects\Panel\Resources\Themes\Default\vendors\js\forms\cleave\addons\cleave-phone.gu.js", "JavaScript", 0, 4, 0, 0, 0, 0, 0, 47, 0, 51
"d:\wamp\www\istakip\Projects\Panel\Resources\Themes\Default\vendors\js\forms\cleave\addons\cleave-phone.gw.js", "JavaScript", 0, 4, 0, 0, 0, 0, 0, 47, 0, 51
"d:\wamp\www\istakip\Projects\Panel\Resources\Themes\Default\vendors\js\forms\cleave\addons\cleave-phone.gy.js", "JavaScript", 0, 4, 0, 0, 0, 0, 0, 47, 0, 51
"d:\wamp\www\istakip\Projects\Panel\Resources\Themes\Default\vendors\js\forms\cleave\addons\cleave-phone.hk.js", "JavaScript", 0, 4, 0, 0, 0, 0, 0, 47, 0, 51
"d:\wamp\www\istakip\Projects\Panel\Resources\Themes\Default\vendors\js\forms\cleave\addons\cleave-phone.hn.js", "JavaScript", 0, 4, 0, 0, 0, 0, 0, 47, 0, 51
"d:\wamp\www\istakip\Projects\Panel\Resources\Themes\Default\vendors\js\forms\cleave\addons\cleave-phone.hr.js", "JavaScript", 0, 4, 0, 0, 0, 0, 0, 47, 0, 51
"d:\wamp\www\istakip\Projects\Panel\Resources\Themes\Default\vendors\js\forms\cleave\addons\cleave-phone.ht.js", "JavaScript", 0, 4, 0, 0, 0, 0, 0, 47, 0, 51
"d:\wamp\www\istakip\Projects\Panel\Resources\Themes\Default\vendors\js\forms\cleave\addons\cleave-phone.hu.js", "JavaScript", 0, 4, 0, 0, 0, 0, 0, 47, 0, 51
"d:\wamp\www\istakip\Projects\Panel\Resources\Themes\Default\vendors\js\forms\cleave\addons\cleave-phone.i18n.js", "JavaScript", 0, 13, 0, 0, 0, 0, 0, 47, 0, 60
"d:\wamp\www\istakip\Projects\Panel\Resources\Themes\Default\vendors\js\forms\cleave\addons\cleave-phone.id.js", "JavaScript", 0, 4, 0, 0, 0, 0, 0, 47, 0, 51
"d:\wamp\www\istakip\Projects\Panel\Resources\Themes\Default\vendors\js\forms\cleave\addons\cleave-phone.ie.js", "JavaScript", 0, 4, 0, 0, 0, 0, 0, 47, 0, 51
"d:\wamp\www\istakip\Projects\Panel\Resources\Themes\Default\vendors\js\forms\cleave\addons\cleave-phone.il.js", "JavaScript", 0, 4, 0, 0, 0, 0, 0, 47, 0, 51
"d:\wamp\www\istakip\Projects\Panel\Resources\Themes\Default\vendors\js\forms\cleave\addons\cleave-phone.im.js", "JavaScript", 0, 4, 0, 0, 0, 0, 0, 47, 0, 51
"d:\wamp\www\istakip\Projects\Panel\Resources\Themes\Default\vendors\js\forms\cleave\addons\cleave-phone.in.js", "JavaScript", 0, 4, 0, 0, 0, 0, 0, 47, 0, 51
"d:\wamp\www\istakip\Projects\Panel\Resources\Themes\Default\vendors\js\forms\cleave\addons\cleave-phone.io.js", "JavaScript", 0, 4, 0, 0, 0, 0, 0, 47, 0, 51
"d:\wamp\www\istakip\Projects\Panel\Resources\Themes\Default\vendors\js\forms\cleave\addons\cleave-phone.iq.js", "JavaScript", 0, 4, 0, 0, 0, 0, 0, 47, 0, 51
"d:\wamp\www\istakip\Projects\Panel\Resources\Themes\Default\vendors\js\forms\cleave\addons\cleave-phone.ir.js", "JavaScript", 0, 4, 0, 0, 0, 0, 0, 47, 0, 51
"d:\wamp\www\istakip\Projects\Panel\Resources\Themes\Default\vendors\js\forms\cleave\addons\cleave-phone.is.js", "JavaScript", 0, 4, 0, 0, 0, 0, 0, 47, 0, 51
"d:\wamp\www\istakip\Projects\Panel\Resources\Themes\Default\vendors\js\forms\cleave\addons\cleave-phone.it.js", "JavaScript", 0, 4, 0, 0, 0, 0, 0, 47, 0, 51
"d:\wamp\www\istakip\Projects\Panel\Resources\Themes\Default\vendors\js\forms\cleave\addons\cleave-phone.je.js", "JavaScript", 0, 4, 0, 0, 0, 0, 0, 47, 0, 51
"d:\wamp\www\istakip\Projects\Panel\Resources\Themes\Default\vendors\js\forms\cleave\addons\cleave-phone.jm.js", "JavaScript", 0, 4, 0, 0, 0, 0, 0, 47, 0, 51
"d:\wamp\www\istakip\Projects\Panel\Resources\Themes\Default\vendors\js\forms\cleave\addons\cleave-phone.jo.js", "JavaScript", 0, 4, 0, 0, 0, 0, 0, 47, 0, 51
"d:\wamp\www\istakip\Projects\Panel\Resources\Themes\Default\vendors\js\forms\cleave\addons\cleave-phone.jp.js", "JavaScript", 0, 4, 0, 0, 0, 0, 0, 47, 0, 51
"d:\wamp\www\istakip\Projects\Panel\Resources\Themes\Default\vendors\js\forms\cleave\addons\cleave-phone.ke.js", "JavaScript", 0, 4, 0, 0, 0, 0, 0, 47, 0, 51
"d:\wamp\www\istakip\Projects\Panel\Resources\Themes\Default\vendors\js\forms\cleave\addons\cleave-phone.kg.js", "JavaScript", 0, 4, 0, 0, 0, 0, 0, 47, 0, 51
"d:\wamp\www\istakip\Projects\Panel\Resources\Themes\Default\vendors\js\forms\cleave\addons\cleave-phone.kh.js", "JavaScript", 0, 4, 0, 0, 0, 0, 0, 47, 0, 51
"d:\wamp\www\istakip\Projects\Panel\Resources\Themes\Default\vendors\js\forms\cleave\addons\cleave-phone.ki.js", "JavaScript", 0, 4, 0, 0, 0, 0, 0, 47, 0, 51
"d:\wamp\www\istakip\Projects\Panel\Resources\Themes\Default\vendors\js\forms\cleave\addons\cleave-phone.km.js", "JavaScript", 0, 4, 0, 0, 0, 0, 0, 47, 0, 51
"d:\wamp\www\istakip\Projects\Panel\Resources\Themes\Default\vendors\js\forms\cleave\addons\cleave-phone.kn.js", "JavaScript", 0, 4, 0, 0, 0, 0, 0, 47, 0, 51
"d:\wamp\www\istakip\Projects\Panel\Resources\Themes\Default\vendors\js\forms\cleave\addons\cleave-phone.kp.js", "JavaScript", 0, 4, 0, 0, 0, 0, 0, 47, 0, 51
"d:\wamp\www\istakip\Projects\Panel\Resources\Themes\Default\vendors\js\forms\cleave\addons\cleave-phone.kr.js", "JavaScript", 0, 4, 0, 0, 0, 0, 0, 47, 0, 51
"d:\wamp\www\istakip\Projects\Panel\Resources\Themes\Default\vendors\js\forms\cleave\addons\cleave-phone.kw.js", "JavaScript", 0, 4, 0, 0, 0, 0, 0, 47, 0, 51
"d:\wamp\www\istakip\Projects\Panel\Resources\Themes\Default\vendors\js\forms\cleave\addons\cleave-phone.ky.js", "JavaScript", 0, 4, 0, 0, 0, 0, 0, 47, 0, 51
"d:\wamp\www\istakip\Projects\Panel\Resources\Themes\Default\vendors\js\forms\cleave\addons\cleave-phone.kz.js", "JavaScript", 0, 4, 0, 0, 0, 0, 0, 47, 0, 51
"d:\wamp\www\istakip\Projects\Panel\Resources\Themes\Default\vendors\js\forms\cleave\addons\cleave-phone.la.js", "JavaScript", 0, 4, 0, 0, 0, 0, 0, 47, 0, 51
"d:\wamp\www\istakip\Projects\Panel\Resources\Themes\Default\vendors\js\forms\cleave\addons\cleave-phone.lb.js", "JavaScript", 0, 4, 0, 0, 0, 0, 0, 47, 0, 51
"d:\wamp\www\istakip\Projects\Panel\Resources\Themes\Default\vendors\js\forms\cleave\addons\cleave-phone.lc.js", "JavaScript", 0, 4, 0, 0, 0, 0, 0, 47, 0, 51
"d:\wamp\www\istakip\Projects\Panel\Resources\Themes\Default\vendors\js\forms\cleave\addons\cleave-phone.li.js", "JavaScript", 0, 4, 0, 0, 0, 0, 0, 47, 0, 51
"d:\wamp\www\istakip\Projects\Panel\Resources\Themes\Default\vendors\js\forms\cleave\addons\cleave-phone.lk.js", "JavaScript", 0, 4, 0, 0, 0, 0, 0, 47, 0, 51
"d:\wamp\www\istakip\Projects\Panel\Resources\Themes\Default\vendors\js\forms\cleave\addons\cleave-phone.lr.js", "JavaScript", 0, 4, 0, 0, 0, 0, 0, 47, 0, 51
"d:\wamp\www\istakip\Projects\Panel\Resources\Themes\Default\vendors\js\forms\cleave\addons\cleave-phone.ls.js", "JavaScript", 0, 4, 0, 0, 0, 0, 0, 47, 0, 51
"d:\wamp\www\istakip\Projects\Panel\Resources\Themes\Default\vendors\js\forms\cleave\addons\cleave-phone.lt.js", "JavaScript", 0, 4, 0, 0, 0, 0, 0, 47, 0, 51
"d:\wamp\www\istakip\Projects\Panel\Resources\Themes\Default\vendors\js\forms\cleave\addons\cleave-phone.lu.js", "JavaScript", 0, 4, 0, 0, 0, 0, 0, 47, 0, 51
"d:\wamp\www\istakip\Projects\Panel\Resources\Themes\Default\vendors\js\forms\cleave\addons\cleave-phone.lv.js", "JavaScript", 0, 4, 0, 0, 0, 0, 0, 47, 0, 51
"d:\wamp\www\istakip\Projects\Panel\Resources\Themes\Default\vendors\js\forms\cleave\addons\cleave-phone.ly.js", "JavaScript", 0, 4, 0, 0, 0, 0, 0, 47, 0, 51
"d:\wamp\www\istakip\Projects\Panel\Resources\Themes\Default\vendors\js\forms\cleave\addons\cleave-phone.ma.js", "JavaScript", 0, 4, 0, 0, 0, 0, 0, 47, 0, 51
"d:\wamp\www\istakip\Projects\Panel\Resources\Themes\Default\vendors\js\forms\cleave\addons\cleave-phone.mc.js", "JavaScript", 0, 4, 0, 0, 0, 0, 0, 47, 0, 51
"d:\wamp\www\istakip\Projects\Panel\Resources\Themes\Default\vendors\js\forms\cleave\addons\cleave-phone.md.js", "JavaScript", 0, 4, 0, 0, 0, 0, 0, 47, 0, 51
"d:\wamp\www\istakip\Projects\Panel\Resources\Themes\Default\vendors\js\forms\cleave\addons\cleave-phone.me.js", "JavaScript", 0, 4, 0, 0, 0, 0, 0, 47, 0, 51
"d:\wamp\www\istakip\Projects\Panel\Resources\Themes\Default\vendors\js\forms\cleave\addons\cleave-phone.mf.js", "JavaScript", 0, 4, 0, 0, 0, 0, 0, 47, 0, 51
"d:\wamp\www\istakip\Projects\Panel\Resources\Themes\Default\vendors\js\forms\cleave\addons\cleave-phone.mg.js", "JavaScript", 0, 4, 0, 0, 0, 0, 0, 47, 0, 51
"d:\wamp\www\istakip\Projects\Panel\Resources\Themes\Default\vendors\js\forms\cleave\addons\cleave-phone.mh.js", "JavaScript", 0, 4, 0, 0, 0, 0, 0, 47, 0, 51
"d:\wamp\www\istakip\Projects\Panel\Resources\Themes\Default\vendors\js\forms\cleave\addons\cleave-phone.mk.js", "JavaScript", 0, 4, 0, 0, 0, 0, 0, 47, 0, 51
"d:\wamp\www\istakip\Projects\Panel\Resources\Themes\Default\vendors\js\forms\cleave\addons\cleave-phone.ml.js", "JavaScript", 0, 4, 0, 0, 0, 0, 0, 47, 0, 51
"d:\wamp\www\istakip\Projects\Panel\Resources\Themes\Default\vendors\js\forms\cleave\addons\cleave-phone.mm.js", "JavaScript", 0, 4, 0, 0, 0, 0, 0, 47, 0, 51
"d:\wamp\www\istakip\Projects\Panel\Resources\Themes\Default\vendors\js\forms\cleave\addons\cleave-phone.mn.js", "JavaScript", 0, 4, 0, 0, 0, 0, 0, 47, 0, 51
"d:\wamp\www\istakip\Projects\Panel\Resources\Themes\Default\vendors\js\forms\cleave\addons\cleave-phone.mo.js", "JavaScript", 0, 4, 0, 0, 0, 0, 0, 47, 0, 51
"d:\wamp\www\istakip\Projects\Panel\Resources\Themes\Default\vendors\js\forms\cleave\addons\cleave-phone.mp.js", "JavaScript", 0, 4, 0, 0, 0, 0, 0, 47, 0, 51
"d:\wamp\www\istakip\Projects\Panel\Resources\Themes\Default\vendors\js\forms\cleave\addons\cleave-phone.mq.js", "JavaScript", 0, 4, 0, 0, 0, 0, 0, 47, 0, 51
"d:\wamp\www\istakip\Projects\Panel\Resources\Themes\Default\vendors\js\forms\cleave\addons\cleave-phone.mr.js", "JavaScript", 0, 4, 0, 0, 0, 0, 0, 47, 0, 51
"d:\wamp\www\istakip\Projects\Panel\Resources\Themes\Default\vendors\js\forms\cleave\addons\cleave-phone.ms.js", "JavaScript", 0, 4, 0, 0, 0, 0, 0, 47, 0, 51
"d:\wamp\www\istakip\Projects\Panel\Resources\Themes\Default\vendors\js\forms\cleave\addons\cleave-phone.mt.js", "JavaScript", 0, 4, 0, 0, 0, 0, 0, 47, 0, 51
"d:\wamp\www\istakip\Projects\Panel\Resources\Themes\Default\vendors\js\forms\cleave\addons\cleave-phone.mu.js", "JavaScript", 0, 4, 0, 0, 0, 0, 0, 47, 0, 51
"d:\wamp\www\istakip\Projects\Panel\Resources\Themes\Default\vendors\js\forms\cleave\addons\cleave-phone.mv.js", "JavaScript", 0, 4, 0, 0, 0, 0, 0, 47, 0, 51
"d:\wamp\www\istakip\Projects\Panel\Resources\Themes\Default\vendors\js\forms\cleave\addons\cleave-phone.mw.js", "JavaScript", 0, 4, 0, 0, 0, 0, 0, 47, 0, 51
"d:\wamp\www\istakip\Projects\Panel\Resources\Themes\Default\vendors\js\forms\cleave\addons\cleave-phone.mx.js", "JavaScript", 0, 4, 0, 0, 0, 0, 0, 47, 0, 51
"d:\wamp\www\istakip\Projects\Panel\Resources\Themes\Default\vendors\js\forms\cleave\addons\cleave-phone.my.js", "JavaScript", 0, 4, 0, 0, 0, 0, 0, 47, 0, 51
"d:\wamp\www\istakip\Projects\Panel\Resources\Themes\Default\vendors\js\forms\cleave\addons\cleave-phone.mz.js", "JavaScript", 0, 4, 0, 0, 0, 0, 0, 47, 0, 51
"d:\wamp\www\istakip\Projects\Panel\Resources\Themes\Default\vendors\js\forms\cleave\addons\cleave-phone.na.js", "JavaScript", 0, 4, 0, 0, 0, 0, 0, 47, 0, 51
"d:\wamp\www\istakip\Projects\Panel\Resources\Themes\Default\vendors\js\forms\cleave\addons\cleave-phone.nc.js", "JavaScript", 0, 4, 0, 0, 0, 0, 0, 47, 0, 51
"d:\wamp\www\istakip\Projects\Panel\Resources\Themes\Default\vendors\js\forms\cleave\addons\cleave-phone.ne.js", "JavaScript", 0, 4, 0, 0, 0, 0, 0, 47, 0, 51
"d:\wamp\www\istakip\Projects\Panel\Resources\Themes\Default\vendors\js\forms\cleave\addons\cleave-phone.nf.js", "JavaScript", 0, 4, 0, 0, 0, 0, 0, 47, 0, 51
"d:\wamp\www\istakip\Projects\Panel\Resources\Themes\Default\vendors\js\forms\cleave\addons\cleave-phone.ng.js", "JavaScript", 0, 4, 0, 0, 0, 0, 0, 47, 0, 51
"d:\wamp\www\istakip\Projects\Panel\Resources\Themes\Default\vendors\js\forms\cleave\addons\cleave-phone.ni.js", "JavaScript", 0, 4, 0, 0, 0, 0, 0, 47, 0, 51
"d:\wamp\www\istakip\Projects\Panel\Resources\Themes\Default\vendors\js\forms\cleave\addons\cleave-phone.nl.js", "JavaScript", 0, 4, 0, 0, 0, 0, 0, 47, 0, 51
"d:\wamp\www\istakip\Projects\Panel\Resources\Themes\Default\vendors\js\forms\cleave\addons\cleave-phone.no.js", "JavaScript", 0, 4, 0, 0, 0, 0, 0, 47, 0, 51
"d:\wamp\www\istakip\Projects\Panel\Resources\Themes\Default\vendors\js\forms\cleave\addons\cleave-phone.np.js", "JavaScript", 0, 4, 0, 0, 0, 0, 0, 47, 0, 51
"d:\wamp\www\istakip\Projects\Panel\Resources\Themes\Default\vendors\js\forms\cleave\addons\cleave-phone.nr.js", "JavaScript", 0, 4, 0, 0, 0, 0, 0, 47, 0, 51
"d:\wamp\www\istakip\Projects\Panel\Resources\Themes\Default\vendors\js\forms\cleave\addons\cleave-phone.nu.js", "JavaScript", 0, 4, 0, 0, 0, 0, 0, 47, 0, 51
"d:\wamp\www\istakip\Projects\Panel\Resources\Themes\Default\vendors\js\forms\cleave\addons\cleave-phone.nz.js", "JavaScript", 0, 4, 0, 0, 0, 0, 0, 47, 0, 51
"d:\wamp\www\istakip\Projects\Panel\Resources\Themes\Default\vendors\js\forms\cleave\addons\cleave-phone.om.js", "JavaScript", 0, 4, 0, 0, 0, 0, 0, 47, 0, 51
"d:\wamp\www\istakip\Projects\Panel\Resources\Themes\Default\vendors\js\forms\cleave\addons\cleave-phone.pa.js", "JavaScript", 0, 4, 0, 0, 0, 0, 0, 47, 0, 51
"d:\wamp\www\istakip\Projects\Panel\Resources\Themes\Default\vendors\js\forms\cleave\addons\cleave-phone.pe.js", "JavaScript", 0, 4, 0, 0, 0, 0, 0, 47, 0, 51
"d:\wamp\www\istakip\Projects\Panel\Resources\Themes\Default\vendors\js\forms\cleave\addons\cleave-phone.pf.js", "JavaScript", 0, 4, 0, 0, 0, 0, 0, 47, 0, 51
"d:\wamp\www\istakip\Projects\Panel\Resources\Themes\Default\vendors\js\forms\cleave\addons\cleave-phone.pg.js", "JavaScript", 0, 4, 0, 0, 0, 0, 0, 47, 0, 51
"d:\wamp\www\istakip\Projects\Panel\Resources\Themes\Default\vendors\js\forms\cleave\addons\cleave-phone.ph.js", "JavaScript", 0, 4, 0, 0, 0, 0, 0, 47, 0, 51
"d:\wamp\www\istakip\Projects\Panel\Resources\Themes\Default\vendors\js\forms\cleave\addons\cleave-phone.pk.js", "JavaScript", 0, 4, 0, 0, 0, 0, 0, 47, 0, 51
"d:\wamp\www\istakip\Projects\Panel\Resources\Themes\Default\vendors\js\forms\cleave\addons\cleave-phone.pl.js", "JavaScript", 0, 4, 0, 0, 0, 0, 0, 47, 0, 51
"d:\wamp\www\istakip\Projects\Panel\Resources\Themes\Default\vendors\js\forms\cleave\addons\cleave-phone.pm.js", "JavaScript", 0, 4, 0, 0, 0, 0, 0, 47, 0, 51
"d:\wamp\www\istakip\Projects\Panel\Resources\Themes\Default\vendors\js\forms\cleave\addons\cleave-phone.pr.js", "JavaScript", 0, 4, 0, 0, 0, 0, 0, 47, 0, 51
"d:\wamp\www\istakip\Projects\Panel\Resources\Themes\Default\vendors\js\forms\cleave\addons\cleave-phone.ps.js", "JavaScript", 0, 4, 0, 0, 0, 0, 0, 47, 0, 51
"d:\wamp\www\istakip\Projects\Panel\Resources\Themes\Default\vendors\js\forms\cleave\addons\cleave-phone.pt.js", "JavaScript", 0, 4, 0, 0, 0, 0, 0, 47, 0, 51
"d:\wamp\www\istakip\Projects\Panel\Resources\Themes\Default\vendors\js\forms\cleave\addons\cleave-phone.pw.js", "JavaScript", 0, 4, 0, 0, 0, 0, 0, 47, 0, 51
"d:\wamp\www\istakip\Projects\Panel\Resources\Themes\Default\vendors\js\forms\cleave\addons\cleave-phone.py.js", "JavaScript", 0, 4, 0, 0, 0, 0, 0, 47, 0, 51
"d:\wamp\www\istakip\Projects\Panel\Resources\Themes\Default\vendors\js\forms\cleave\addons\cleave-phone.qa.js", "JavaScript", 0, 4, 0, 0, 0, 0, 0, 47, 0, 51
"d:\wamp\www\istakip\Projects\Panel\Resources\Themes\Default\vendors\js\forms\cleave\addons\cleave-phone.re.js", "JavaScript", 0, 4, 0, 0, 0, 0, 0, 47, 0, 51
"d:\wamp\www\istakip\Projects\Panel\Resources\Themes\Default\vendors\js\forms\cleave\addons\cleave-phone.ro.js", "JavaScript", 0, 4, 0, 0, 0, 0, 0, 47, 0, 51
"d:\wamp\www\istakip\Projects\Panel\Resources\Themes\Default\vendors\js\forms\cleave\addons\cleave-phone.rs.js", "JavaScript", 0, 4, 0, 0, 0, 0, 0, 47, 0, 51
"d:\wamp\www\istakip\Projects\Panel\Resources\Themes\Default\vendors\js\forms\cleave\addons\cleave-phone.ru.js", "JavaScript", 0, 4, 0, 0, 0, 0, 0, 47, 0, 51
"d:\wamp\www\istakip\Projects\Panel\Resources\Themes\Default\vendors\js\forms\cleave\addons\cleave-phone.rw.js", "JavaScript", 0, 4, 0, 0, 0, 0, 0, 47, 0, 51
"d:\wamp\www\istakip\Projects\Panel\Resources\Themes\Default\vendors\js\forms\cleave\addons\cleave-phone.sa.js", "JavaScript", 0, 4, 0, 0, 0, 0, 0, 47, 0, 51
"d:\wamp\www\istakip\Projects\Panel\Resources\Themes\Default\vendors\js\forms\cleave\addons\cleave-phone.sb.js", "JavaScript", 0, 4, 0, 0, 0, 0, 0, 47, 0, 51
"d:\wamp\www\istakip\Projects\Panel\Resources\Themes\Default\vendors\js\forms\cleave\addons\cleave-phone.sc.js", "JavaScript", 0, 4, 0, 0, 0, 0, 0, 47, 0, 51
"d:\wamp\www\istakip\Projects\Panel\Resources\Themes\Default\vendors\js\forms\cleave\addons\cleave-phone.sd.js", "JavaScript", 0, 4, 0, 0, 0, 0, 0, 47, 0, 51
"d:\wamp\www\istakip\Projects\Panel\Resources\Themes\Default\vendors\js\forms\cleave\addons\cleave-phone.se.js", "JavaScript", 0, 4, 0, 0, 0, 0, 0, 47, 0, 51
"d:\wamp\www\istakip\Projects\Panel\Resources\Themes\Default\vendors\js\forms\cleave\addons\cleave-phone.sg.js", "JavaScript", 0, 4, 0, 0, 0, 0, 0, 47, 0, 51
"d:\wamp\www\istakip\Projects\Panel\Resources\Themes\Default\vendors\js\forms\cleave\addons\cleave-phone.sh.js", "JavaScript", 0, 4, 0, 0, 0, 0, 0, 47, 0, 51
"d:\wamp\www\istakip\Projects\Panel\Resources\Themes\Default\vendors\js\forms\cleave\addons\cleave-phone.si.js", "JavaScript", 0, 4, 0, 0, 0, 0, 0, 47, 0, 51
"d:\wamp\www\istakip\Projects\Panel\Resources\Themes\Default\vendors\js\forms\cleave\addons\cleave-phone.sj.js", "JavaScript", 0, 4, 0, 0, 0, 0, 0, 47, 0, 51
"d:\wamp\www\istakip\Projects\Panel\Resources\Themes\Default\vendors\js\forms\cleave\addons\cleave-phone.sk.js", "JavaScript", 0, 4, 0, 0, 0, 0, 0, 47, 0, 51
"d:\wamp\www\istakip\Projects\Panel\Resources\Themes\Default\vendors\js\forms\cleave\addons\cleave-phone.sl.js", "JavaScript", 0, 4, 0, 0, 0, 0, 0, 47, 0, 51
"d:\wamp\www\istakip\Projects\Panel\Resources\Themes\Default\vendors\js\forms\cleave\addons\cleave-phone.sm.js", "JavaScript", 0, 4, 0, 0, 0, 0, 0, 47, 0, 51
"d:\wamp\www\istakip\Projects\Panel\Resources\Themes\Default\vendors\js\forms\cleave\addons\cleave-phone.sn.js", "JavaScript", 0, 4, 0, 0, 0, 0, 0, 47, 0, 51
"d:\wamp\www\istakip\Projects\Panel\Resources\Themes\Default\vendors\js\forms\cleave\addons\cleave-phone.so.js", "JavaScript", 0, 4, 0, 0, 0, 0, 0, 47, 0, 51
"d:\wamp\www\istakip\Projects\Panel\Resources\Themes\Default\vendors\js\forms\cleave\addons\cleave-phone.sr.js", "JavaScript", 0, 4, 0, 0, 0, 0, 0, 47, 0, 51
"d:\wamp\www\istakip\Projects\Panel\Resources\Themes\Default\vendors\js\forms\cleave\addons\cleave-phone.ss.js", "JavaScript", 0, 4, 0, 0, 0, 0, 0, 47, 0, 51
"d:\wamp\www\istakip\Projects\Panel\Resources\Themes\Default\vendors\js\forms\cleave\addons\cleave-phone.st.js", "JavaScript", 0, 4, 0, 0, 0, 0, 0, 47, 0, 51
"d:\wamp\www\istakip\Projects\Panel\Resources\Themes\Default\vendors\js\forms\cleave\addons\cleave-phone.sv.js", "JavaScript", 0, 4, 0, 0, 0, 0, 0, 47, 0, 51
"d:\wamp\www\istakip\Projects\Panel\Resources\Themes\Default\vendors\js\forms\cleave\addons\cleave-phone.sx.js", "JavaScript", 0, 4, 0, 0, 0, 0, 0, 47, 0, 51
"d:\wamp\www\istakip\Projects\Panel\Resources\Themes\Default\vendors\js\forms\cleave\addons\cleave-phone.sy.js", "JavaScript", 0, 4, 0, 0, 0, 0, 0, 47, 0, 51
"d:\wamp\www\istakip\Projects\Panel\Resources\Themes\Default\vendors\js\forms\cleave\addons\cleave-phone.sz.js", "JavaScript", 0, 4, 0, 0, 0, 0, 0, 47, 0, 51
"d:\wamp\www\istakip\Projects\Panel\Resources\Themes\Default\vendors\js\forms\cleave\addons\cleave-phone.ta.js", "JavaScript", 0, 4, 0, 0, 0, 0, 0, 47, 0, 51
"d:\wamp\www\istakip\Projects\Panel\Resources\Themes\Default\vendors\js\forms\cleave\addons\cleave-phone.tc.js", "JavaScript", 0, 4, 0, 0, 0, 0, 0, 47, 0, 51
"d:\wamp\www\istakip\Projects\Panel\Resources\Themes\Default\vendors\js\forms\cleave\addons\cleave-phone.td.js", "JavaScript", 0, 4, 0, 0, 0, 0, 0, 47, 0, 51
"d:\wamp\www\istakip\Projects\Panel\Resources\Themes\Default\vendors\js\forms\cleave\addons\cleave-phone.tg.js", "JavaScript", 0, 4, 0, 0, 0, 0, 0, 47, 0, 51
"d:\wamp\www\istakip\Projects\Panel\Resources\Themes\Default\vendors\js\forms\cleave\addons\cleave-phone.th.js", "JavaScript", 0, 4, 0, 0, 0, 0, 0, 47, 0, 51
"d:\wamp\www\istakip\Projects\Panel\Resources\Themes\Default\vendors\js\forms\cleave\addons\cleave-phone.tj.js", "JavaScript", 0, 4, 0, 0, 0, 0, 0, 47, 0, 51
"d:\wamp\www\istakip\Projects\Panel\Resources\Themes\Default\vendors\js\forms\cleave\addons\cleave-phone.tk.js", "JavaScript", 0, 4, 0, 0, 0, 0, 0, 47, 0, 51
"d:\wamp\www\istakip\Projects\Panel\Resources\Themes\Default\vendors\js\forms\cleave\addons\cleave-phone.tl.js", "JavaScript", 0, 4, 0, 0, 0, 0, 0, 47, 0, 51
"d:\wamp\www\istakip\Projects\Panel\Resources\Themes\Default\vendors\js\forms\cleave\addons\cleave-phone.tm.js", "JavaScript", 0, 4, 0, 0, 0, 0, 0, 47, 0, 51
"d:\wamp\www\istakip\Projects\Panel\Resources\Themes\Default\vendors\js\forms\cleave\addons\cleave-phone.tn.js", "JavaScript", 0, 4, 0, 0, 0, 0, 0, 47, 0, 51
"d:\wamp\www\istakip\Projects\Panel\Resources\Themes\Default\vendors\js\forms\cleave\addons\cleave-phone.to.js", "JavaScript", 0, 4, 0, 0, 0, 0, 0, 47, 0, 51
"d:\wamp\www\istakip\Projects\Panel\Resources\Themes\Default\vendors\js\forms\cleave\addons\cleave-phone.tr.js", "JavaScript", 0, 4, 0, 0, 0, 0, 0, 47, 0, 51
"d:\wamp\www\istakip\Projects\Panel\Resources\Themes\Default\vendors\js\forms\cleave\addons\cleave-phone.tt.js", "JavaScript", 0, 4, 0, 0, 0, 0, 0, 47, 0, 51
"d:\wamp\www\istakip\Projects\Panel\Resources\Themes\Default\vendors\js\forms\cleave\addons\cleave-phone.tv.js", "JavaScript", 0, 4, 0, 0, 0, 0, 0, 47, 0, 51
"d:\wamp\www\istakip\Projects\Panel\Resources\Themes\Default\vendors\js\forms\cleave\addons\cleave-phone.tw.js", "JavaScript", 0, 4, 0, 0, 0, 0, 0, 47, 0, 51
"d:\wamp\www\istakip\Projects\Panel\Resources\Themes\Default\vendors\js\forms\cleave\addons\cleave-phone.tz.js", "JavaScript", 0, 4, 0, 0, 0, 0, 0, 47, 0, 51
"d:\wamp\www\istakip\Projects\Panel\Resources\Themes\Default\vendors\js\forms\cleave\addons\cleave-phone.ua.js", "JavaScript", 0, 4, 0, 0, 0, 0, 0, 47, 0, 51
"d:\wamp\www\istakip\Projects\Panel\Resources\Themes\Default\vendors\js\forms\cleave\addons\cleave-phone.ug.js", "JavaScript", 0, 4, 0, 0, 0, 0, 0, 47, 0, 51
"d:\wamp\www\istakip\Projects\Panel\Resources\Themes\Default\vendors\js\forms\cleave\addons\cleave-phone.us.js", "JavaScript", 0, 4, 0, 0, 0, 0, 0, 47, 0, 51
"d:\wamp\www\istakip\Projects\Panel\Resources\Themes\Default\vendors\js\forms\cleave\addons\cleave-phone.uy.js", "JavaScript", 0, 4, 0, 0, 0, 0, 0, 47, 0, 51
"d:\wamp\www\istakip\Projects\Panel\Resources\Themes\Default\vendors\js\forms\cleave\addons\cleave-phone.uz.js", "JavaScript", 0, 4, 0, 0, 0, 0, 0, 47, 0, 51
"d:\wamp\www\istakip\Projects\Panel\Resources\Themes\Default\vendors\js\forms\cleave\addons\cleave-phone.va.js", "JavaScript", 0, 4, 0, 0, 0, 0, 0, 47, 0, 51
"d:\wamp\www\istakip\Projects\Panel\Resources\Themes\Default\vendors\js\forms\cleave\addons\cleave-phone.vc.js", "JavaScript", 0, 4, 0, 0, 0, 0, 0, 47, 0, 51
"d:\wamp\www\istakip\Projects\Panel\Resources\Themes\Default\vendors\js\forms\cleave\addons\cleave-phone.ve.js", "JavaScript", 0, 4, 0, 0, 0, 0, 0, 47, 0, 51
"d:\wamp\www\istakip\Projects\Panel\Resources\Themes\Default\vendors\js\forms\cleave\addons\cleave-phone.vg.js", "JavaScript", 0, 4, 0, 0, 0, 0, 0, 47, 0, 51
"d:\wamp\www\istakip\Projects\Panel\Resources\Themes\Default\vendors\js\forms\cleave\addons\cleave-phone.vi.js", "JavaScript", 0, 4, 0, 0, 0, 0, 0, 47, 0, 51
"d:\wamp\www\istakip\Projects\Panel\Resources\Themes\Default\vendors\js\forms\cleave\addons\cleave-phone.vn.js", "JavaScript", 0, 4, 0, 0, 0, 0, 0, 47, 0, 51
"d:\wamp\www\istakip\Projects\Panel\Resources\Themes\Default\vendors\js\forms\cleave\addons\cleave-phone.vu.js", "JavaScript", 0, 4, 0, 0, 0, 0, 0, 47, 0, 51
"d:\wamp\www\istakip\Projects\Panel\Resources\Themes\Default\vendors\js\forms\cleave\addons\cleave-phone.wf.js", "JavaScript", 0, 4, 0, 0, 0, 0, 0, 47, 0, 51
"d:\wamp\www\istakip\Projects\Panel\Resources\Themes\Default\vendors\js\forms\cleave\addons\cleave-phone.ws.js", "JavaScript", 0, 4, 0, 0, 0, 0, 0, 47, 0, 51
"d:\wamp\www\istakip\Projects\Panel\Resources\Themes\Default\vendors\js\forms\cleave\addons\cleave-phone.xk.js", "JavaScript", 0, 4, 0, 0, 0, 0, 0, 47, 0, 51
"d:\wamp\www\istakip\Projects\Panel\Resources\Themes\Default\vendors\js\forms\cleave\addons\cleave-phone.ye.js", "JavaScript", 0, 4, 0, 0, 0, 0, 0, 47, 0, 51
"d:\wamp\www\istakip\Projects\Panel\Resources\Themes\Default\vendors\js\forms\cleave\addons\cleave-phone.yt.js", "JavaScript", 0, 4, 0, 0, 0, 0, 0, 47, 0, 51
"d:\wamp\www\istakip\Projects\Panel\Resources\Themes\Default\vendors\js\forms\cleave\addons\cleave-phone.za.js", "JavaScript", 0, 4, 0, 0, 0, 0, 0, 47, 0, 51
"d:\wamp\www\istakip\Projects\Panel\Resources\Themes\Default\vendors\js\forms\cleave\addons\cleave-phone.zm.js", "JavaScript", 0, 4, 0, 0, 0, 0, 0, 47, 0, 51
"d:\wamp\www\istakip\Projects\Panel\Resources\Themes\Default\vendors\js\forms\cleave\addons\cleave-phone.zw.js", "JavaScript", 0, 4, 0, 0, 0, 0, 0, 47, 0, 51
"d:\wamp\www\istakip\Projects\Panel\Resources\Themes\Default\vendors\js\forms\cleave\cleave.min.js", "JavaScript", 0, 998, 0, 0, 0, 0, 0, 7, 1, 1006
"d:\wamp\www\istakip\Projects\Panel\Resources\Themes\Default\vendors\js\forms\extended\typeahead\bloodhound.min.js", "JavaScript", 0, 1, 0, 0, 0, 0, 0, 5, 1, 7
"d:\wamp\www\istakip\Projects\Panel\Resources\Themes\Default\vendors\js\forms\extended\typeahead\handlebars.js", "JavaScript", 0, 1954, 0, 0, 0, 0, 0, 282, 375, 2611
"d:\wamp\www\istakip\Projects\Panel\Resources\Themes\Default\vendors\js\forms\extended\typeahead\typeahead.bundle.min.js", "JavaScript", 0, 2, 0, 0, 0, 0, 0, 5, 1, 8
"d:\wamp\www\istakip\Projects\Panel\Resources\Themes\Default\vendors\js\forms\repeater\jquery.repeater.min.js", "JavaScript", 0, 1, 0, 0, 0, 0, 0, 4, 0, 5
"d:\wamp\www\istakip\Projects\Panel\Resources\Themes\Default\vendors\js\forms\select\select2.full.min.js", "JavaScript", 0, 1, 0, 0, 0, 0, 0, 1, 0, 2
"d:\wamp\www\istakip\Projects\Panel\Resources\Themes\Default\vendors\js\forms\spinner\jquery.bootstrap-touchspin.js", "JavaScript", 0, 425, 0, 0, 0, 0, 0, 8, 2, 435
"d:\wamp\www\istakip\Projects\Panel\Resources\Themes\Default\vendors\js\forms\toggle\switchery.js", "JavaScript", 0, 917, 0, 0, 0, 0, 0, 696, 343, 1956
"d:\wamp\www\istakip\Projects\Panel\Resources\Themes\Default\vendors\js\forms\toggle\switchery.min.js", "JavaScript", 0, 1, 0, 0, 0, 0, 0, 0, 0, 1
"d:\wamp\www\istakip\Projects\Panel\Resources\Themes\Default\vendors\js\forms\validation\jquery.validate.min.js", "JavaScript", 0, 1, 0, 0, 0, 0, 0, 3, 1, 5
"d:\wamp\www\istakip\Projects\Panel\Resources\Themes\Default\vendors\js\forms\wizard\bs-stepper.min.js", "JavaScript", 0, 1, 0, 0, 0, 0, 0, 5, 1, 7
"d:\wamp\www\istakip\Projects\Panel\Resources\Themes\Default\vendors\js\hammer\hammer.min.js", "JavaScript", 0, 1, 0, 0, 0, 0, 0, 5, 1, 7
"d:\wamp\www\istakip\Projects\Panel\Resources\Themes\Default\vendors\js\internationalization\i18n-jquery.min.js", "JavaScript", 0, 1, 0, 0, 0, 0, 0, 1, 0, 2
"d:\wamp\www\istakip\Projects\Panel\Resources\Themes\Default\vendors\js\internationalization\i18n-xhr.min.js", "JavaScript", 0, 1, 0, 0, 0, 0, 0, 1, 1, 3
"d:\wamp\www\istakip\Projects\Panel\Resources\Themes\Default\vendors\js\internationalization\i18n.min.js", "JavaScript", 0, 1, 0, 0, 0, 0, 0, 1, 1, 3
"d:\wamp\www\istakip\Projects\Panel\Resources\Themes\Default\vendors\js\internationalization\lang-detector.min.js", "JavaScript", 0, 1, 0, 0, 0, 0, 0, 1, 1, 3
"d:\wamp\www\istakip\Projects\Panel\Resources\Themes\Default\vendors\js\jkanban\jkanban.min.js", "JavaScript", 0, 1, 0, 0, 0, 0, 0, 1, 1, 3
"d:\wamp\www\istakip\Projects\Panel\Resources\Themes\Default\vendors\js\jquery\jquery.min.js", "JavaScript", 0, 1, 0, 0, 0, 0, 0, 1, 0, 2
"d:\wamp\www\istakip\Projects\Panel\Resources\Themes\Default\vendors\js\maps\leaflet.min.js", "JavaScript", 0, 1, 0, 0, 0, 0, 0, 0, 0, 1
"d:\wamp\www\istakip\Projects\Panel\Resources\Themes\Default\vendors\js\pace\pace.min.js", "JavaScript", 0, 1, 0, 0, 0, 0, 0, 5, 1, 7
"d:\wamp\www\istakip\Projects\Panel\Resources\Themes\Default\vendors\js\pagination\jquery.bootpag.min.js", "JavaScript", 0, 6, 0, 0, 0, 0, 0, 15, 1, 22
"d:\wamp\www\istakip\Projects\Panel\Resources\Themes\Default\vendors\js\pagination\jquery.twbsPagination.min.js", "JavaScript", 0, 1, 0, 0, 0, 0, 0, 8, 1, 10
"d:\wamp\www\istakip\Projects\Panel\Resources\Themes\Default\vendors\js\perfectscrollbar\perfect-scrollbar.min.js", "JavaScript", 0, 13, 0, 0, 0, 0, 0, 6, 1, 20
"d:\wamp\www\istakip\Projects\Panel\Resources\Themes\Default\vendors\js\pickers\flatpickr\flatpickr.min.js", "JavaScript", 0, 1, 0, 0, 0, 0, 0, 1, 1, 3
"d:\wamp\www\istakip\Projects\Panel\Resources\Themes\Default\vendors\js\pickers\pickadate\legacy.js", "JavaScript", 0, 103, 0, 0, 0, 0, 0, 19, 12, 134
"d:\wamp\www\istakip\Projects\Panel\Resources\Themes\Default\vendors\js\pickers\pickadate\picker.date.js", "JavaScript", 0, 810, 0, 0, 0, 0, 0, 262, 286, 1358
"d:\wamp\www\istakip\Projects\Panel\Resources\Themes\Default\vendors\js\pickers\pickadate\picker.js", "JavaScript", 0, 600, 0, 0, 0, 0, 0, 309, 311, 1220
"d:\wamp\www\istakip\Projects\Panel\Resources\Themes\Default\vendors\js\pickers\pickadate\picker.time.js", "JavaScript", 0, 590, 0, 0, 0, 0, 0, 205, 222, 1017
"d:\wamp\www\istakip\Projects\Panel\Resources\Themes\Default\vendors\js\popper\popper.min.js", "JavaScript", 0, 1, 0, 0, 0, 0, 0, 3, 2, 6
"d:\wamp\www\istakip\Projects\Panel\Resources\Themes\Default\vendors\js\promises\promises.min.js", "JavaScript", 0, 1, 0, 0, 0, 0, 0, 8, 1, 10
"d:\wamp\www\istakip\Projects\Panel\Resources\Themes\Default\vendors\js\tables\datatable\buttons.bootstrap5.min.js", "JavaScript", 0, 2, 0, 0, 0, 0, 0, 4, 1, 7
"d:\wamp\www\istakip\Projects\Panel\Resources\Themes\Default\vendors\js\tables\datatable\buttons.html5.min.js", "JavaScript", 0, 29, 0, 0, 0, 0, 0, 7, 1, 37
"d:\wamp\www\istakip\Projects\Panel\Resources\Themes\Default\vendors\js\tables\datatable\buttons.print.min.js", "JavaScript", 0, 5, 0, 0, 0, 0, 0, 4, 1, 10
"d:\wamp\www\istakip\Projects\Panel\Resources\Themes\Default\vendors\js\tables\datatable\dataTables.bootstrap5.min.js", "JavaScript", 0, 10, 0, 0, 0, 0, 0, 4, 1, 15
"d:\wamp\www\istakip\Projects\Panel\Resources\Themes\Default\vendors\js\tables\datatable\dataTables.responsive.js", "JavaScript", 0, 862, 0, 0, 0, 0, 0, 388, 196, 1446
"d:\wamp\www\istakip\Projects\Panel\Resources\Themes\Default\vendors\js\tables\datatable\dataTables.responsive.min.js", "JavaScript", 0, 34, 0, 0, 0, 0, 0, 14, 1, 49
"d:\wamp\www\istakip\Projects\Panel\Resources\Themes\Default\vendors\js\tables\datatable\dataTables.rowGroup.min.js", "JavaScript", 0, 8, 0, 0, 0, 0, 0, 14, 1, 23
"d:\wamp\www\istakip\Projects\Panel\Resources\Themes\Default\vendors\js\tables\datatable\dataTables.select.min.js", "JavaScript", 0, 24, 0, 0, 0, 0, 0, 14, 1, 39
"d:\wamp\www\istakip\Projects\Panel\Resources\Themes\Default\vendors\js\tables\datatable\datatables.buttons.min.js", "JavaScript", 0, 40, 0, 0, 0, 0, 0, 4, 1, 45
"d:\wamp\www\istakip\Projects\Panel\Resources\Themes\Default\vendors\js\tables\datatable\datatables.checkboxes.min.js", "JavaScript", 0, 1, 0, 0, 0, 0, 0, 4, 0, 5
"d:\wamp\www\istakip\Projects\Panel\Resources\Themes\Default\vendors\js\tables\datatable\jquery.dataTables.min.js", "JavaScript", 0, 170, 0, 0, 0, 0, 0, 14, 1, 185
"d:\wamp\www\istakip\Projects\Panel\Resources\Themes\Default\vendors\js\tables\datatable\jszip.min.js", "JavaScript", 0, 1, 0, 0, 0, 0, 0, 11, 2, 14
"d:\wamp\www\istakip\Projects\Panel\Resources\Themes\Default\vendors\js\tables\datatable\pdfmake.min.js", "JavaScript", 0, 1, 0, 0, 0, 0, 0, 1, 1, 3
"d:\wamp\www\istakip\Projects\Panel\Resources\Themes\Default\vendors\js\tables\datatable\responsive.bootstrap5.js", "JavaScript", 0, 65, 0, 0, 0, 0, 0, 7, 13, 85
"d:\wamp\www\istakip\Projects\Panel\Resources\Themes\Default\vendors\js\tables\datatable\responsive.bootstrap5.min.js", "JavaScript", 0, 8, 0, 0, 0, 0, 0, 4, 1, 13
"d:\wamp\www\istakip\Projects\Panel\Resources\Themes\Default\vendors\js\tables\datatable\rowGroup.bootstrap5.min.js", "JavaScript", 0, 1, 0, 0, 0, 0, 0, 4, 1, 6
"d:\wamp\www\istakip\Projects\Panel\Resources\Themes\Default\vendors\js\tables\datatable\vfs_fonts.js", "JavaScript", 0, 6, 0, 0, 0, 0, 0, 0, 0, 6
"d:\wamp\www\istakip\Projects\Panel\Resources\Themes\Default\vendors\js\ui\affix.js", "JavaScript", 0, 102, 0, 0, 0, 0, 0, 15, 46, 163
"d:\wamp\www\istakip\Projects\Panel\Resources\Themes\Default\vendors\js\ui\jquery.sticky-kit.min.js", "JavaScript", 0, 7, 0, 0, 0, 0, 0, 3, 0, 10
"d:\wamp\www\istakip\Projects\Panel\Resources\Themes\Default\vendors\js\ui\jquery.sticky.js", "JavaScript", 0, 241, 0, 0, 0, 0, 0, 20, 27, 288
"d:\wamp\www\istakip\Projects\Panel\Resources\Themes\Default\vendors\js\ui\prism-treeview.js", "JavaScript", 0, 56, 0, 0, 0, 0, 0, 4, 4, 64
"d:\wamp\www\istakip\Projects\Panel\Resources\Themes\Default\vendors\js\ui\prism.min.js", "JavaScript", 0, 29, 0, 0, 0, 0, 0, 1, 1, 31
"d:\wamp\www\istakip\Projects\Panel\Resources\Themes\Default\vendors\js\unison-js\unison-js.min.js", "JavaScript", 0, 1, 0, 0, 0, 0, 0, 1, 1, 3
"d:\wamp\www\istakip\Projects\Panel\Resources\Themes\Default\vendors\js\vendors.min.js", "JavaScript", 0, 3, 0, 0, 0, 0, 0, 15, 0, 18
"d:\wamp\www\istakip\Projects\Panel\Resources\Themes\Default\vendors\js\waves\waves.min.js", "JavaScript", 0, 1, 0, 0, 0, 0, 0, 1, 1, 3
"d:\wamp\www\istakip\Projects\Panel\Routes\Routes.php", "PHP", 6, 0, 0, 0, 0, 0, 0, 8, 3, 17
"d:\wamp\www\istakip\Projects\Panel\Starting\Autoload\Control.php", "PHP", 7, 0, 0, 0, 0, 0, 0, 0, 6, 13
"d:\wamp\www\istakip\Projects\Panel\Views\Ayarlar\form.wizard.php", "PHP", 156, 0, 0, 0, 0, 0, 0, 0, 19, 175
"d:\wamp\www\istakip\Projects\Panel\Views\Ayarlar\main.wizard.php", "PHP", 128, 0, 0, 0, 0, 0, 0, 0, 29, 157
"d:\wamp\www\istakip\Projects\Panel\Views\Ayarlar\odemeYontemleri.wizard.php", "PHP", 154, 0, 0, 0, 0, 0, 0, 0, 14, 168
"d:\wamp\www\istakip\Projects\Panel\Views\Ayarlar\siparisDurumlari.wizard.php", "PHP", 144, 0, 0, 0, 0, 0, 0, 0, 12, 156
"d:\wamp\www\istakip\Projects\Panel\Views\Ayarlar\yetkiAlanlari.wizard.php", "PHP", 117, 0, 0, 0, 0, 0, 0, 0, 10, 127
"d:\wamp\www\istakip\Projects\Panel\Views\BolgeselAyarlar\diller.wizard.php", "PHP", 146, 0, 0, 0, 0, 0, 0, 0, 15, 161
"d:\wamp\www\istakip\Projects\Panel\Views\BolgeselAyarlar\form.wizard.php", "PHP", 156, 0, 0, 0, 0, 0, 0, 0, 19, 175
"d:\wamp\www\istakip\Projects\Panel\Views\BolgeselAyarlar\ilceler.wizard.php", "PHP", 118, 0, 0, 0, 0, 0, 0, 0, 11, 129
"d:\wamp\www\istakip\Projects\Panel\Views\BolgeselAyarlar\mahalleler.wizard.php", "PHP", 145, 0, 0, 0, 0, 0, 0, 0, 13, 158
"d:\wamp\www\istakip\Projects\Panel\Views\BolgeselAyarlar\main.wizard.php", "PHP", 55, 0, 0, 0, 0, 0, 0, 0, 7, 62
"d:\wamp\www\istakip\Projects\Panel\Views\BolgeselAyarlar\paraBirimleri.wizard.php", "PHP", 129, 0, 0, 0, 0, 0, 0, 0, 19, 148
"d:\wamp\www\istakip\Projects\Panel\Views\BolgeselAyarlar\sehirler.wizard.php", "PHP", 136, 0, 0, 0, 0, 0, 0, 0, 15, 151
"d:\wamp\www\istakip\Projects\Panel\Views\BolgeselAyarlar\ulkeler.wizard.php", "PHP", 150, 0, 0, 0, 0, 0, 0, 0, 15, 165
"d:\wamp\www\istakip\Projects\Panel\Views\Cari\detay.wizard.php", "PHP", 373, 0, 0, 0, 0, 0, 0, 0, 11, 384
"d:\wamp\www\istakip\Projects\Panel\Views\Cari\form.wizard.php", "PHP", 220, 0, 0, 0, 0, 0, 0, 0, 44, 264
"d:\wamp\www\istakip\Projects\Panel\Views\Cari\main.wizard.php", "PHP", 97, 0, 0, 0, 0, 0, 0, 0, 13, 110
"d:\wamp\www\istakip\Projects\Panel\Views\Faturalar\duzenle.wizard.php", "PHP", 427, 0, 0, 0, 0, 0, 0, 2, 77, 506
"d:\wamp\www\istakip\Projects\Panel\Views\Faturalar\main.wizard.php", "PHP", 199, 0, 0, 0, 0, 0, 0, 0, 22, 221
"d:\wamp\www\istakip\Projects\Panel\Views\Faturalar\olustur.wizard.php", "PHP", 252, 0, 0, 0, 0, 0, 0, 6, 59, 317
"d:\wamp\www\istakip\Projects\Panel\Views\Faturalar\siparis.wizard.php", "PHP", 189, 0, 0, 0, 0, 0, 0, 0, 18, 207
"d:\wamp\www\istakip\Projects\Panel\Views\Haberler\form.wizard.php", "PHP", 286, 0, 0, 0, 0, 0, 0, 0, 85, 371
"d:\wamp\www\istakip\Projects\Panel\Views\Haberler\izinler.wizard.php", "PHP", 102, 0, 0, 0, 0, 0, 0, 0, 13, 115
"d:\wamp\www\istakip\Projects\Panel\Views\Haberler\main.wizard.php", "PHP", 111, 0, 0, 0, 0, 0, 0, 0, 9, 120
"d:\wamp\www\istakip\Projects\Panel\Views\Home\main.wizard.php", "PHP", 240, 0, 0, 0, 0, 0, 0, 0, 17, 257
"d:\wamp\www\istakip\Projects\Panel\Views\Home\s404.wizard.php", "PHP", 5, 0, 0, 0, 0, 0, 0, 0, 0, 5
"d:\wamp\www\istakip\Projects\Panel\Views\Kasa\kayitlar.wizard.php", "PHP", 99, 0, 0, 0, 0, 0, 0, 0, 10, 109
"d:\wamp\www\istakip\Projects\Panel\Views\Kasa\main.wizard.php", "PHP", 281, 0, 0, 0, 0, 0, 0, 0, 45, 326
"d:\wamp\www\istakip\Projects\Panel\Views\Kasa\tumKayitlar.wizard.php", "PHP", 87, 0, 0, 0, 0, 0, 0, 0, 17, 104
"d:\wamp\www\istakip\Projects\Panel\Views\Login\main.wizard copy.php", "PHP", 41, 0, 0, 0, 0, 0, 0, 0, 13, 54
"d:\wamp\www\istakip\Projects\Panel\Views\Login\main.wizard.php", "PHP", 14, 0, 0, 0, 0, 0, 0, 0, 3, 17
"d:\wamp\www\istakip\Projects\Panel\Views\Masraf\kayitlar.wizard.php", "PHP", 115, 0, 0, 0, 0, 0, 0, 0, 7, 122
"d:\wamp\www\istakip\Projects\Panel\Views\Masraf\main.wizard.php", "PHP", 329, 0, 0, 0, 0, 0, 0, 0, 45, 374
"d:\wamp\www\istakip\Projects\Panel\Views\Masraf\tumKayitlar.wizard.php", "PHP", 112, 0, 0, 0, 0, 0, 0, 0, 9, 121
"d:\wamp\www\istakip\Projects\Panel\Views\Personel\form.wizard.php", "PHP", 176, 0, 0, 0, 0, 0, 0, 0, 23, 199
"d:\wamp\www\istakip\Projects\Panel\Views\Personel\izinler.wizard.php", "PHP", 102, 0, 0, 0, 0, 0, 0, 0, 13, 115
"d:\wamp\www\istakip\Projects\Panel\Views\Personel\main.wizard.php", "PHP", 107, 0, 0, 0, 0, 0, 0, 0, 9, 116
"d:\wamp\www\istakip\Projects\Panel\Views\Planlama\hatirlatici.wizard.php", "PHP", 126, 0, 0, 0, 0, 0, 0, 0, 18, 144
"d:\wamp\www\istakip\Projects\Panel\Views\Planlama\main.wizard.php", "PHP", 69, 0, 0, 0, 0, 0, 0, 0, 11, 80
"d:\wamp\www\istakip\Projects\Panel\Views\Projeler\form.wizard.php", "PHP", 206, 0, 0, 0, 0, 0, 0, 0, 47, 253
"d:\wamp\www\istakip\Projects\Panel\Views\Projeler\geriBildirimler.wizard.php", "PHP", 101, 0, 0, 0, 0, 0, 0, 0, 19, 120
"d:\wamp\www\istakip\Projects\Panel\Views\Projeler\main.wizard.php", "PHP", 96, 0, 0, 0, 0, 0, 0, 0, 14, 110
"d:\wamp\www\istakip\Projects\Panel\Views\Projeler\personeller.wizard.php", "PHP", 104, 0, 0, 0, 0, 0, 0, 0, 17, 121
"d:\wamp\www\istakip\Projects\Panel\Views\Projeler\yapilanlar.wizard.php", "PHP", 114, 0, 0, 0, 0, 0, 0, 0, 17, 131
"d:\wamp\www\istakip\Projects\Panel\Views\Projeler\yolHaritasi.wizard.php", "PHP", 120, 0, 0, 0, 0, 0, 0, 0, 22, 142
"d:\wamp\www\istakip\Projects\Panel\Views\Rapor\main.wizard.php", "PHP", 106, 0, 0, 0, 0, 0, 0, 0, 29, 135
"d:\wamp\www\istakip\Projects\Panel\Views\Rapor\tarih.wizard.php", "PHP", 109, 0, 0, 0, 0, 0, 0, 0, 29, 138
"d:\wamp\www\istakip\Projects\Panel\Views\Siparisler\duzenle.wizard.php", "PHP", 226, 0, 0, 0, 0, 0, 0, 0, 47, 273
"d:\wamp\www\istakip\Projects\Panel\Views\Siparisler\form.wizard.php", "PHP", 370, 0, 0, 0, 0, 0, 0, 3, 45, 418
"d:\wamp\www\istakip\Projects\Panel\Views\Siparisler\gruplar.wizard.php", "PHP", 84, 0, 0, 0, 0, 0, 0, 0, 5, 89
"d:\wamp\www\istakip\Projects\Panel\Views\Siparisler\main.wizard.php", "PHP", 175, 0, 0, 0, 0, 0, 0, 0, 20, 195
"d:\wamp\www\istakip\Projects\Panel\Views\Siparisler\teklifler.wizard.php", "PHP", 166, 0, 0, 0, 0, 0, 0, 0, 20, 186
"d:\wamp\www\istakip\Projects\Panel\Views\Siparisler\urunDuzenle.wizard.php", "PHP", 265, 0, 0, 0, 0, 0, 0, 0, 52, 317
"d:\wamp\www\istakip\Projects\Panel\Views\Siparisler\urunler.wizard.php", "PHP", 108, 0, 0, 0, 0, 0, 0, 0, 9, 117
"d:\wamp\www\istakip\Projects\Panel\Views\Tedarikci\detay.wizard.php", "PHP", 373, 0, 0, 0, 0, 0, 0, 0, 11, 384
"d:\wamp\www\istakip\Projects\Panel\Views\Tedarikci\form.wizard.php", "PHP", 92, 0, 0, 0, 0, 0, 0, 0, 19, 111
"d:\wamp\www\istakip\Projects\Panel\Views\Tedarikci\main.wizard.php", "PHP", 81, 0, 0, 0, 0, 0, 0, 0, 9, 90
"d:\wamp\www\istakip\Projects\Panel\Views\Teklifler\duzenle.wizard.php", "PHP", 341, 0, 0, 0, 0, 0, 0, 2, 65, 408
"d:\wamp\www\istakip\Projects\Panel\Views\Teklifler\main.wizard.php", "PHP", 141, 0, 0, 0, 0, 0, 0, 0, 18, 159
"d:\wamp\www\istakip\Projects\Panel\Views\Teklifler\olustur.wizard.php", "PHP", 202, 0, 0, 0, 0, 0, 0, 6, 54, 262
"d:\wamp\www\istakip\Projects\Panel\Views\Urun\form.wizard.php", "PHP", 344, 0, 0, 0, 0, 0, 0, 1, 71, 416
"d:\wamp\www\istakip\Projects\Panel\Views\Urun\gruplar.wizard.php", "PHP", 128, 0, 0, 0, 0, 0, 0, 0, 13, 141
"d:\wamp\www\istakip\Projects\Panel\Views\Urun\main.wizard.php", "PHP", 199, 0, 0, 0, 0, 0, 0, 0, 23, 222
"d:\wamp\www\istakip\Projects\Panel\Views\body.wizard.php", "PHP", 5, 0, 0, 0, 0, 0, 0, 0, 2, 7
"d:\wamp\www\istakip\Projects\Panel\Views\footer.wizard.php", "PHP", 353, 0, 0, 0, 0, 0, 0, 9, 134, 496
"d:\wamp\www\istakip\Projects\Panel\Views\head.wizard.php", "PHP", 165, 0, 0, 0, 0, 0, 0, 0, 29, 194
"d:\wamp\www\istakip\Projects\Panel\Views\header.wizard.php", "PHP", 191, 0, 0, 0, 0, 0, 0, 0, 26, 217
"d:\wamp\www\istakip\Projects\Panel\map.php", "PHP", 82, 0, 0, 0, 0, 0, 0, 0, 1, 83
"Total", "-", 22649, 105953, 93312, 3822, 63002, 286, 52, 26530, 44328, 359934